ImageID,Pred,Class,Types
1,2.662664e-17,0,Breast
4,7.2300615e-17,0,Breast
11,1.50756e-14,0,Breast
16,2.7092015e-16,0,Breast
19,3.8939312e-18,0,Breast
21,4.1030547e-15,0,Breast
22,9.180648e-12,0,Breast
34,3.4426496e-28,0,Breast
35,3.9251024e-17,0,Breast
46,5.2923605e-21,0,Breast
50,8.688904e-18,0,Breast
64,8.846653e-21,0,Breast
93,4.5457937e-22,0,Breast
95,1.4186718e-13,0,Breast
98,2.1375925e-18,0,Breast
103,1.0881093e-16,0,Breast
116,7.4021933e-10,0,Breast
119,1.8374857e-08,0,Breast
122,6.782051e-08,0,Breast
127,8.475655e-18,0,Breast
130,3.6312574e-12,0,Breast
146,1.5629263e-15,0,Breast
149,1.1399165e-22,0,Breast
153,2.0830753e-14,0,Breast
154,7.47446e-11,0,Breast
159,5.555103e-13,0,Breast
160,5.62615e-21,0,Breast
161,1.03116136e-22,0,Breast
180,1.3660793e-19,0,Breast
186,1.8415992e-14,0,Breast
189,8.34557e-15,0,Breast
190,2.5087185e-17,0,Breast
197,5.7304416e-22,0,Breast
200,1.3580687e-17,0,Breast
201,4.1564857e-10,0,Breast
202,2.2575752e-18,0,Breast
206,1.195606e-16,0,Breast
217,2.0223558e-20,0,Breast
225,2.9907559e-18,0,Breast
241,7.7955576e-16,0,Breast
245,3.615547e-24,0,Breast
246,4.959463e-26,0,Breast
253,2.2572848e-16,0,Breast
257,7.412119e-23,0,Breast
262,2.602175e-09,0,Breast
263,5.59377e-14,0,Breast
268,2.0551472e-13,0,Breast
284,3.0771132e-17,0,Breast
293,4.4440357e-13,0,Breast
301,1.9945683e-19,0,Breast
304,4.1012336e-14,0,Breast
313,9.027391e-16,0,Breast
317,9.946031e-13,0,Breast
330,1.2706945e-10,0,Breast
335,2.2400347e-16,0,Breast
337,1.2648698e-13,0,Breast
340,2.8460723e-16,0,Breast
356,1.5754241e-16,0,Breast
369,7.76768e-17,0,Breast
378,2.575944e-16,0,Breast
379,1.5156629e-20,0,Breast
391,8.1332404e-21,0,Breast
392,1.8603557e-26,0,Breast
396,6.393412e-12,0,Breast
397,2.7721898e-16,0,Breast
399,1.7988573e-13,0,Breast
400,4.534958e-05,0,Breast
403,2.4020319e-17,0,Breast
418,5.9796503e-06,0,Breast
431,8.678304e-18,0,Breast
441,5.2297614e-11,0,Breast
443,2.1507793e-09,0,Breast
452,2.1548967e-10,0,Breast
455,4.3972264e-08,0,Breast
459,3.6248063e-13,0,Breast
466,2.8138066e-15,0,Breast
469,2.8557774e-13,0,Breast
473,1.9603657e-13,0,Breast
474,3.7091376e-21,0,Breast
487,1.4694807e-18,0,Breast
488,5.2578436e-12,0,Breast
492,9.696679e-12,0,Breast
496,8.818326e-19,0,Breast
498,3.2514913e-18,0,Breast
502,9.433434e-20,0,Breast
512,2.4868892e-17,0,Breast
515,1.9322233e-17,0,Breast
521,9.8529045e-21,0,Breast
524,2.1100932e-20,0,Breast
537,2.65581e-22,0,Breast
540,2.2273132e-06,0,Breast
546,5.9260624e-11,0,Breast
550,1.2521865e-12,0,Breast
559,3.9316572e-14,0,Breast
562,3.2283048e-11,0,Breast
563,2.444884e-14,0,Breast
569,8.559938e-26,0,Breast
574,2.920421e-15,0,Breast
580,1.6706921e-13,0,Breast
586,1.8072923e-14,0,Breast
600,0.16660988,0,Breast
606,1.5676047e-11,0,Breast
608,7.454657e-22,0,Breast
612,3.994739e-17,0,Breast
623,1.8535586e-15,0,Breast
625,2.7522937e-10,0,Breast
627,4.5016036e-13,0,Breast
633,1.1463514e-17,0,Breast
635,8.774087e-22,0,Breast
639,2.3051776e-18,0,Breast
640,2.332599e-11,0,Breast
641,3.6312397e-14,0,Breast
646,2.602966e-19,0,Breast
648,2.4885252e-14,0,Breast
655,6.735198e-14,0,Breast
656,1.0687194e-12,0,Breast
658,4.217194e-05,0,Breast
659,2.3874145e-05,0,Breast
663,1.3666902e-10,0,Breast
681,1.014868e-16,0,Breast
683,3.6364207e-16,0,Breast
684,3.296377e-25,0,Breast
689,2.6614542e-18,0,Breast
690,2.2454091e-22,0,Breast
696,5.597776e-24,0,Breast
698,1.96579e-18,0,Breast
699,1.3031057e-17,0,Breast
702,5.496335e-17,0,Breast
703,1.257978e-11,0,Breast
709,9.598078e-14,0,Breast
739,1.0,1,Colon
746,1.0,1,Colon
751,1.0,1,Colon
752,1.0,1,Colon
758,1.0,1,Colon
759,1.0,1,Colon
764,1.0,1,Colon
772,1.0,1,Colon
775,1.0,1,Colon
778,1.0,1,Colon
791,0.9999993,1,Colon
802,1.0,1,Colon
825,1.0,1,Colon
829,1.0,1,Colon
833,1.0,1,Colon
836,1.0,1,Colon
841,1.0,1,Colon
850,1.0,1,Colon
859,1.0,1,Colon
860,1.0,1,Colon
868,2.1875164e-06,0,Lung
881,1.3319598e-08,0,Lung
887,1.208039e-09,0,Lung
888,2.507492e-06,0,Lung
899,2.0519158e-13,0,Breast
906,1.0758349e-08,0,Breast
910,1.2684001e-12,1,Colon
913,2.0461219e-07,0,Kidney
914,2.5850373e-14,0,Kidney
920,7.657859e-11,0,Prostate
927,1.0885813e-11,0,Breast
932,1.2752727e-08,0,Bladder
943,2.2994087e-17,0,Prostate
949,5.701715e-14,0,Prostate
950,4.915488e-13,0,Prostate
960,1.129195e-09,0,Kidney
965,7.139131e-08,1,Colon
966,3.913425e-10,0,Stomach
970,3.3850966e-09,0,Ovarian
979,1.4551907e-12,0,Esophagus
991,6.9186488e-09,0,Esophagus
998,7.5992396e-10,0,Esophagus
999,7.4856267e-16,0,Esophagus
1012,1.8635636e-10,0,Esophagus
1019,1.9551653e-08,0,Pancreatic
1032,1.0862568e-06,0,Lung
1043,1.5532813e-13,0,Lung
1045,2.306798e-09,0,Lung
1047,3.5405794e-14,0,Lung
1049,7.289272e-09,0,Lung
1052,7.71976e-11,0,Lung
1053,2.007111e-13,0,Lung
1058,1.4346373e-08,0,Lung
1062,2.2515917e-16,0,Uterus
1065,2.584641e-08,0,Thyroid
1078,8.699453e-06,0,Thyroid
1084,4.0413197e-09,0,Thyroid
1086,1.28755415e-08,0,Skin
1092,4.3648124e-05,0,Cervix
1097,2.9909447e-10,0,Thyroid
1113,1.0137639e-07,0,Thyroid
1118,3.3223087e-09,0,Esophagus
1123,0.00013578065,0,Esophagus
1124,4.2073864e-08,0,Esophagus
1125,6.6145434e-15,0,Esophagus
1127,5.4941003e-14,0,Esophagus
1128,5.0401997e-07,0,Esophagus
1129,4.824326e-12,0,Esophagus
1133,9.242058e-11,0,Esophagus
1146,3.110264e-09,0,Esophagus
1148,3.1448133e-10,0,Cervix
1149,4.696513e-10,0,Cervix
1154,2.4663038e-09,0,Cervix
1161,1.9091907e-14,0,Cervix
1162,1.1718987e-10,0,Cervix
1172,5.9052363e-10,0,Adrenal_gland
1184,2.735375e-13,0,Adrenal_gland
1191,3.9051297e-12,0,Adrenal_gland
1192,1.1644397e-09,0,Adrenal_gland
1205,6.138999e-10,0,Adrenal_gland
1214,5.1635306e-15,0,Adrenal_gland
1227,5.5808722e-15,0,Esophagus
1234,4.1538105e-12,0,Esophagus
1235,6.781343e-11,0,Esophagus
1238,1.570715e-14,0,Esophagus
1246,3.64616e-11,0,Esophagus
1249,3.278266e-12,0,Esophagus
1252,1.7241031e-10,0,Esophagus
1253,1.9452492e-07,0,Esophagus
1264,1.6103767e-13,0,Adrenal_gland
1265,7.0899527e-16,0,Adrenal_gland
1266,1.90694e-08,0,Adrenal_gland
1268,1.1722737e-11,0,Adrenal_gland
1269,2.9301895e-12,0,Adrenal_gland
1270,1.05102434e-10,0,Adrenal_gland
1274,1.3250851e-08,0,Adrenal_gland
1286,1.4772699e-19,0,Pancreatic
1292,3.049208e-18,0,Pancreatic
1293,2.0193292e-17,0,Pancreatic
1311,1.1039338e-09,0,Adrenal_gland
1323,2.9787929e-08,0,Cervix
1337,4.168009e-08,0,Cervix
1338,1.32242395e-08,0,Cervix
1339,1.4502505e-08,0,Cervix
1341,5.3734825e-12,0,Cervix
1343,3.76263e-09,0,Cervix
1347,6.587186e-11,0,Cervix
1360,3.564104e-14,0,Cervix
1369,5.7577185e-12,0,Cervix
1371,7.4330604e-11,0,Bile-duct
1383,1.853854e-13,0,Bile-duct
1390,6.095987e-11,0,Bile-duct
1391,1.6849191e-14,0,Bile-duct
1404,1.3160556e-15,0,Bile-duct
1412,2.0748405e-09,0,Testis
1425,1.5684294e-12,0,Testis
1431,1.3435981e-11,0,Testis
1432,2.5657022e-07,0,Testis
1448,1.7030298e-09,0,Bile-duct
1453,5.41585e-10,0,Bile-duct
1454,1.103143e-08,0,Bile-duct
1455,1.4401213e-06,0,Bile-duct
1457,6.4143907e-10,0,Bile-duct
1458,4.748074e-08,0,Bile-duct
1459,6.32539e-08,0,Bile-duct
1463,2.06927e-11,0,Bile-duct
1476,7.065277e-08,0,Bile-duct
1487,1.0,1,Colon
1490,1.0,1,Colon
1494,1.0,1,Colon
1495,1.0,1,Colon
1496,1.0,1,Colon
1504,1.0,1,Colon
1505,0.99999964,1,Colon
1510,1.0,1,Colon
1521,5.5299463e-08,0,Adrenal_gland
1528,1.7511762e-07,0,Adrenal_gland
1529,1.0228118e-09,0,Adrenal_gland
1532,9.3101793e-10,0,Adrenal_gland
1540,8.896451e-10,0,Adrenal_gland
1543,9.589875e-15,0,Adrenal_gland
1546,8.2991977e-07,0,Adrenal_gland
1547,1.8739561e-07,0,Adrenal_gland
1562,1.7770473e-11,0,Adrenal_gland
1571,1.2933036e-12,0,Adrenal_gland
1581,6.436705e-11,0,Bile-duct
1588,1.0639578e-09,0,Bile-duct
1589,3.9144723e-09,0,Bile-duct
1592,2.912033e-15,0,Bile-duct
1600,3.1245605e-15,0,Bile-duct
1603,3.291701e-11,0,Bile-duct
1606,1.6129598e-12,0,Bile-duct
1607,3.6727832e-10,0,Bile-duct
1622,7.53026e-13,0,Bile-duct
1631,5.306764e-10,0,Bile-duct
1635,6.053175e-11,0,Bile-duct
1650,1.3038052e-12,0,Bile-duct
1652,1.15929995e-10,0,Bile-duct
1672,2.8346752e-15,0,Bladder
1678,8.283076e-14,0,Bladder
1682,6.705318e-22,0,Breast
1684,3.3054641e-06,0,Breast
1687,1.6517787e-10,0,Breast
1689,9.1485725e-12,0,Breast
1690,6.758933e-09,0,Breast
1694,2.1526886e-12,0,Breast
1696,1.1946295e-10,0,Breast
1700,2.212895e-12,0,Breast
1705,4.7008123e-11,0,Breast
1710,3.3098486e-09,0,Breast
1711,3.6304904e-15,0,Breast
1712,7.7120275e-09,0,Breast
1716,8.3640636e-13,0,Breast
1718,5.707619e-08,0,Breast
1722,8.5914453e-10,0,Breast
1725,8.663149e-06,0,Breast
1736,8.025126e-10,0,Breast
1743,1.0118979e-11,0,Breast
1750,1.1630729e-08,0,Cervix
1754,2.3529385e-08,0,Cervix
1755,5.905107e-08,0,Cervix
1756,1.2948766e-07,0,Cervix
1758,2.2127896e-08,0,Cervix
1766,2.355182e-13,0,Cervix
1769,0.00044060475,0,Cervix
1770,1.3866262e-05,0,Cervix
1773,3.7419923e-06,0,Cervix
1777,1.4967177e-15,0,Cervix
1788,3.733445e-11,0,Cervix
1796,2.8762867e-10,0,Cervix
1797,7.712711e-11,0,Cervix
1798,6.788026e-13,0,Cervix
1801,1.6841137e-09,0,Cervix
1816,1.1843756e-06,0,Cervix
1818,3.1066406e-07,0,Cervix
1832,0.9999999,1,Colon
1833,0.99999976,1,Colon
1835,1.0,1,Colon
1843,1.0,1,Colon
1846,0.9999999,1,Colon
1847,0.9999999,1,Colon
1848,0.9999999,1,Colon
1851,0.99999785,1,Colon
1852,0.9999993,1,Colon
1853,0.9999968,1,Colon
1862,0.9999989,1,Colon
1865,0.99999964,1,Colon
1871,0.9999999,1,Colon
1875,1.0,1,Colon
1876,1.0,1,Colon
1887,0.9999999,1,Colon
1892,1.0,1,Colon
1898,1.0,1,Colon
1899,1.0,1,Colon
1908,0.99999964,1,Colon
1915,1.0,1,Colon
1922,1.0,1,Colon
1925,1.0,1,Colon
1929,0.99999976,1,Colon
1934,1.0,1,Colon
1939,1.0,1,Colon
1941,1.0,1,Colon
1961,0.9999999,1,Colon
1963,0.9999999,1,Colon
1976,1.0,1,Colon
1983,0.99999964,1,Colon
1989,0.9999999,1,Colon
1991,0.9999995,1,Colon
2024,0.9999999,1,Colon
2025,0.99999964,1,Colon
2030,0.99999976,1,Colon
2031,0.99999976,1,Colon
2033,0.9999999,1,Colon
2037,0.9999999,1,Colon
2038,1.0,1,Colon
2043,0.99999964,1,Colon
2046,0.99999976,1,Colon
2047,0.99999976,1,Colon
2048,0.99999917,1,Colon
2049,0.9999999,1,Colon
2052,0.99999964,1,Colon
2064,4.61236e-08,0,Esophagus
2073,1.1377611e-08,0,Esophagus
2077,1.1693851e-09,0,Esophagus
2092,2.3686441e-12,0,Esophagus
2094,2.7342874e-15,0,Esophagus
2099,2.014561e-07,0,HeadNeck
2111,0.0011457759,0,HeadNeck
2118,1.7880827e-12,0,HeadNeck
2119,4.9907234e-10,0,HeadNeck
2132,3.384017e-10,0,HeadNeck
2141,5.9201334e-06,0,HeadNeck
2146,1.8882364e-22,0,HeadNeck
2147,3.0813905e-16,0,HeadNeck
2148,1.2990408e-17,0,HeadNeck
2150,1.8052968e-15,0,HeadNeck
2151,1.7125532e-14,0,HeadNeck
2152,3.234482e-10,0,HeadNeck
2156,2.371156e-13,0,HeadNeck
2172,2.0661876e-07,0,Kidney
2173,2.9996835e-07,0,Kidney
2175,4.979024e-07,0,Kidney
2181,1.7012576e-16,0,Kidney
2190,3.228719e-10,0,Liver
2203,1.5613132e-09,0,Liver
2209,2.2122609e-13,0,Liver
2210,9.6077856e-14,0,Liver
2226,4.2752756e-11,0,Liver
2237,2.5248483e-09,0,Liver
2239,5.018491e-10,0,Liver
2241,1.11550205e-11,0,Liver
2243,1.278599e-09,0,Liver
2246,4.275624e-12,0,Liver
2247,1.1586534e-08,0,Liver
2252,1.2282394e-11,0,Liver
2259,1.3588111e-15,0,Lung
2262,5.950803e-07,0,Lung
2273,1.6189099e-10,0,Ovarian
2279,1.08485744e-13,0,Ovarian
2280,1.4178433e-10,0,Ovarian
2291,2.0956993e-15,0,Ovarian
2296,1.4493993e-11,0,Ovarian
2307,3.0779343e-10,0,Ovarian
2311,6.061532e-10,0,Ovarian
2319,1.420721e-10,0,Pancreatic
2330,2.9164737e-06,0,Pancreatic
2332,1.2114088e-11,0,Pancreatic
2334,4.268517e-09,0,Pancreatic
2336,2.1952763e-12,0,Pancreatic
2339,4.989638e-10,0,Pancreatic
2340,7.322946e-11,0,Pancreatic
2345,2.5539942e-11,0,Pancreatic
2353,2.4881912e-08,0,Pancreatic
2356,6.6912855e-12,0,Pancreatic
2373,7.44778e-14,0,Prostate
2384,1.6001223e-10,0,Prostate
2386,4.737875e-13,0,Prostate
2388,3.63852e-10,0,Prostate
2390,5.650392e-09,0,Prostate
2393,2.0108473e-09,0,Prostate
2394,9.262185e-07,0,Prostate
2399,1.6528742e-05,0,Prostate
2407,9.955824e-13,0,Prostate
2410,1.0485464e-12,0,Prostate
2421,1.1140503e-06,0,Skin
2427,2.5866586e-15,0,Skin
2428,2.2630449e-08,0,Skin
2444,1.8529649e-05,0,Skin
2455,4.458227e-11,0,Skin
2457,1.308376e-09,0,Skin
2459,4.8241555e-10,0,Skin
2461,0.00038351532,0,Skin
2464,0.15865037,0,Skin
2465,1.6779944e-11,0,Skin
2476,2.8885852e-10,0,Stomach
2482,3.748125e-13,0,Stomach
2483,4.3125825e-14,0,Stomach
2494,1.1849027e-11,0,Stomach
2499,1.6072108e-12,0,Stomach
2510,1.5800873e-10,0,Stomach
2514,1.2000403e-09,0,Testis
2525,1.2440635e-09,0,Testis
2527,6.897938e-12,0,Testis
2529,7.409595e-10,0,Testis
2531,5.4850595e-12,0,Testis
2534,1.4744631e-08,0,Testis
2535,6.2473166e-10,0,Testis
2546,5.2192934e-09,0,Thyroid
2548,2.988673e-07,0,Thyroid
2550,1.5574377e-06,0,Thyroid
2552,1.9916224e-07,0,Thyroid
2555,1.3989143e-09,0,Thyroid
2556,3.9240126e-06,0,Thyroid
2561,3.1956264e-07,0,Thyroid
2569,1.213224e-11,0,Thyroid
2572,1.9705704e-09,0,Thyroid
2589,7.284576e-07,0,Uterus
2596,1.0,1,Colon
2615,1.0,1,Colon
2619,1.0,1,Colon
2630,0.9999995,1,Colon
2633,1.0,1,Colon
2637,1.0,1,Colon
2641,1.0,1,Colon
2644,1.0,1,Colon
2647,1.0,1,Colon
2650,1.0,1,Colon
2652,0.9999994,1,Colon
2659,1.3747196e-13,0,Breast
2662,4.385648e-13,0,Breast
2664,2.1585175e-13,0,Breast
2666,3.388388e-11,0,Breast
2680,3.4062487e-17,0,Breast
2682,2.188403e-16,0,Breast
2683,1.4512014e-13,0,Breast
2689,6.379324e-29,0,Breast
2692,3.6948498e-19,0,Breast
2695,2.8708544e-18,0,Breast
2699,1.5735726e-18,0,Breast
2705,1.1767137e-26,0,Breast
2706,3.5367536e-17,0,Breast
2707,3.498237e-21,0,Breast
2709,1.2726623e-24,0,Breast
2712,1.0492225e-16,0,Breast
2724,1.668623e-12,0,Breast
2725,1.2842151e-17,0,Breast
2740,1.2258412e-25,0,Breast
2749,3.4612174e-20,0,Breast
2764,1.4310236e-09,0,Breast
2783,5.122086e-12,0,Breast
2784,4.470322e-13,0,Breast
2785,2.3285379e-17,0,Breast
2786,1.2269823e-18,0,Breast
2788,1.1205571e-24,0,Breast
2789,8.381299e-12,0,Breast
2800,4.8765988e-11,0,Breast
2801,3.0155355e-14,0,Breast
2804,7.8582545e-13,0,Breast
2809,5.103178e-08,0,Breast
2820,8.411797e-22,0,Breast
2821,1.8356945e-13,0,Breast
2824,1.375568e-15,0,Breast
2825,1.6041296e-20,0,Breast
2831,1.4826581e-16,0,Breast
2832,3.173551e-09,0,Breast
2837,2.2712591e-17,0,Breast
2840,2.328471e-21,0,Breast
2841,2.2225992e-19,0,Breast
2844,3.904456e-21,0,Breast
2845,2.7734146e-25,0,Breast
2849,1.5521758e-14,0,Breast
2850,1.5732516e-14,0,Breast
2857,1.1637484e-14,0,Breast
2867,8.140392e-18,0,Breast
2868,1.0540139e-13,0,Breast
2874,1.379526e-21,0,Breast
2880,3.2373444e-11,0,Breast
2888,6.065808e-26,0,Breast
2889,3.92181e-17,0,Breast
2895,4.3662583e-17,0,Breast
2898,4.493724e-15,0,Breast
2899,1.6064461e-14,0,Breast
2905,2.4554002e-13,0,Breast
2906,1.7636892e-11,0,Breast
2910,1.0628765e-13,0,Breast
2911,7.8901095e-13,0,Breast
2921,4.6490153e-15,0,Breast
2924,1.8783191e-14,0,Breast
2928,2.4345177e-13,0,Breast
2938,9.208082e-22,0,Breast
2944,3.7681507e-14,0,Breast
2948,1.8161693e-22,0,Breast
2952,3.575833e-12,0,Breast
2955,4.7409373e-14,0,Breast
2958,2.6769546e-12,0,Breast
2959,1.9128709e-06,0,Breast
2965,1.2419108e-09,0,Breast
2968,4.697577e-22,0,Breast
2970,6.932768e-17,0,Breast
2976,8.3170406e-20,0,Breast
2977,2.1160578e-09,0,Breast
2979,1.9874862e-15,0,Breast
2981,4.6849405e-23,0,Breast
2982,2.3241014e-24,0,Breast
2983,2.8528854e-25,0,Breast
2987,3.6107727e-12,0,Breast
2991,4.1992396e-20,0,Breast
2995,3.0443916e-21,0,Breast
3009,2.8478027e-21,0,Breast
3012,1.6577507e-17,0,Breast
3013,1.20251135e-11,0,Breast
3020,1.0190119e-22,0,Breast
3032,8.057334e-29,0,Breast
3041,1.8090607e-06,0,Breast
3042,6.875071e-23,0,Breast
3044,6.36122e-14,0,Breast
3047,2.8952417e-22,0,Breast
3048,2.7561071e-14,0,Breast
3056,1.8444922e-18,0,Breast
3067,3.6132494e-14,0,Breast
3072,2.5896957e-18,0,Breast
3075,4.2308135e-15,0,Breast
3086,2.529654e-13,0,Breast
3089,1.0899289e-16,0,Breast
3096,1.7400206e-13,0,Breast
3104,2.818057e-10,0,Breast
3105,1.0025262e-12,0,Breast
3106,5.6585045e-12,0,Breast
3111,1.8923885e-16,0,Breast
3120,3.2845577e-11,0,Breast
3123,1.2343665e-19,0,Breast
3124,4.4514275e-23,0,Breast
3126,1.9259418e-14,0,Breast
3129,7.3528045e-17,0,Breast
3135,2.292044e-13,0,Breast
3137,1.6113091e-15,0,Breast
3141,3.8765776e-17,0,Breast
3154,3.4608697e-15,0,Breast
3156,5.8767938e-15,0,Breast
3175,6.330702e-19,0,Breast
3177,1.26575005e-14,0,Breast
3183,5.2454395e-17,0,Breast
3192,2.2006248e-09,0,Breast
3194,3.664206e-13,0,Breast
3196,4.6695524e-19,0,Breast
3198,4.5405577e-07,0,Breast
3202,4.0435792e-09,0,Breast
3219,3.429098e-20,0,Breast
3229,3.8323264e-14,0,Breast
3237,2.9501688e-17,0,Breast
3238,1.3488612e-27,0,Breast
3244,1.4211004e-25,0,Breast
3245,9.852944e-13,0,Breast
3263,3.7246004e-13,0,Breast
3267,3.0086785e-16,0,Breast
3268,7.3575613e-13,0,Breast
3269,5.1568027e-21,0,Breast
3272,1.3051912e-23,0,Breast
3274,1.9277172e-10,0,Breast
3279,2.2083789e-16,0,Breast
3287,7.413802e-19,0,Breast
3299,2.7292992e-20,0,Breast
3307,6.9328918e-12,0,Breast
3308,1.3792732e-10,0,Breast
3311,3.2447097e-13,0,Breast
3313,2.8146398e-18,0,Breast
3314,3.659642e-26,0,Breast
3324,7.1287126e-22,0,Breast
3325,7.2684635e-27,0,Breast
3326,2.5784437e-14,0,Breast
3327,1.0355993e-16,0,Breast
3329,8.712638e-10,0,Breast
3339,1.0,1,Colon
3343,1.0,1,Colon
3347,1.0,1,Colon
3357,1.0,1,Colon
3363,1.0,1,Colon
3364,1.0,1,Colon
3365,1.0,1,Colon
3375,1.0,1,Colon
3379,1.0,1,Colon
3395,1.0,1,Colon
3401,1.0,1,Colon
3405,1.0,1,Colon
3411,1.0,1,Colon
3417,1.0,1,Colon
3418,1.0,1,Colon
3419,1.0,1,Colon
3420,1.0,1,Colon
3434,4.2260035e-09,0,Lung
3435,7.9537446e-11,0,Lung
3436,1.5157877e-08,0,Breast
3447,9.838786e-09,0,Breast
3454,1.3262937e-12,0,Kidney
3471,5.307584e-07,0,Bladder
3478,4.2483303e-14,0,Breast
3488,1.0014412e-11,0,Kidney
3503,1.3742892e-10,0,Stomach
3506,4.0429216e-10,1,Colon
3514,4.133241e-11,0,Stomach
3519,2.1678702e-10,0,Ovarian
3526,1.14182036e-07,0,Esophagus
3527,8.398197e-08,0,Esophagus
3532,1.5149199e-09,0,Esophagus
3535,6.114432e-11,0,Esophagus
3540,9.585973e-09,0,Esophagus
3554,7.2265854e-10,0,Lung
3561,1.1219221e-08,0,Lung
3564,6.2469235e-10,0,Lung
3565,1.4653827e-11,0,Lung
3568,5.2799452e-11,0,Lung
3569,4.7494464e-06,0,Lung
3578,2.609302e-09,0,Lung
3583,5.937379e-10,0,Lung
3596,3.8892568e-07,0,Thyroid
3597,4.3437677e-08,0,Thyroid
3601,2.7297087e-10,0,Thyroid
3612,6.5547095e-12,0,Skin
3620,7.152645e-10,0,Skin
3623,2.6831901e-09,0,Skin
3628,1.9456387e-07,0,Thyroid
3631,8.700772e-08,0,Thyroid
3632,1.0392293e-06,0,Thyroid
3635,2.1811458e-05,0,Thyroid
3636,6.212248e-15,0,Thyroid
3645,0.00023109869,0,Thyroid
3650,3.8307575e-09,0,Esophagus
3651,4.2846636e-11,0,Esophagus
3652,1.964899e-13,0,Esophagus
3653,1.6402979e-13,0,Esophagus
3654,1.2509496e-09,0,Esophagus
3664,7.057165e-13,0,Esophagus
3668,3.1412545e-16,0,Esophagus
3670,6.1397035e-13,0,Esophagus
3675,7.086797e-14,0,Esophagus
3677,2.2232973e-09,0,Esophagus
3680,3.4549e-08,0,Cervix
3683,1.0598203e-12,0,Cervix
3686,1.5140872e-10,0,Cervix
3687,1.695808e-09,0,Adrenal_gland
3702,9.484489e-13,0,Adrenal_gland
3704,6.101012e-11,0,Adrenal_gland
3713,7.831741e-09,0,Adrenal_gland
3714,9.259768e-12,0,Adrenal_gland
3719,2.0440752e-10,0,Adrenal_gland
3722,1.1690087e-12,0,Adrenal_gland
3727,2.3152842e-12,0,Adrenal_gland
3732,2.1286887e-12,0,Esophagus
3750,6.9359842e-09,0,Esophagus
3756,3.0451574e-06,0,Esophagus
3758,7.432366e-11,0,Esophagus
3773,5.2959694e-12,0,Adrenal_gland
3774,3.7612652e-10,0,Adrenal_gland
3775,2.0249212e-10,0,Adrenal_gland
3776,6.5099147e-13,0,Adrenal_gland
3777,5.785937e-11,0,Adrenal_gland
3787,3.7270426e-18,0,Pancreatic
3788,5.1522566e-15,0,Pancreatic
3792,1.5181767e-13,0,Pancreatic
3799,3.552565e-11,0,Pancreatic
3802,5.94613e-13,0,Pancreatic
3803,3.25225e-17,0,Pancreatic
3813,2.927464e-08,0,Adrenal_gland
3817,4.4086934e-10,0,Adrenal_gland
3824,1.9607583e-07,0,Adrenal_gland
3826,1.3856108e-08,0,Adrenal_gland
3829,5.112265e-09,0,Cervix
3831,3.1203967e-08,0,Cervix
3834,5.197763e-10,0,Cervix
3847,3.8549465e-16,0,Cervix
3848,6.3163624e-15,0,Cervix
3849,4.6035217e-14,0,Cervix
3851,4.1939666e-07,0,Bile-duct
3852,9.387773e-08,0,Bile-duct
3857,3.223945e-09,0,Bile-duct
3860,6.145919e-15,0,Bile-duct
3865,1.6000788e-11,0,Bile-duct
3872,6.0739183e-09,0,Testis
3880,2.1946265e-09,0,Testis
3883,1.0439607e-08,0,Testis
3896,8.0870655e-10,0,Testis
3897,1.1352032e-08,0,Testis
3901,9.480081e-12,0,Testis
3908,2.0276565e-11,0,Testis
3911,1.0366188e-09,0,Testis
3912,1.0838915e-17,0,Testis
3915,4.0135083e-11,0,Testis
3916,5.48917e-09,0,Testis
3930,2.7116513e-09,0,Bile-duct
3931,7.2163715e-07,0,Bile-duct
3932,1.4898879e-11,0,Bile-duct
3933,3.341704e-07,0,Bile-duct
3934,1.02736685e-05,0,Bile-duct
3944,1.4787771e-09,0,Bile-duct
3948,1.0943338e-10,0,Bile-duct
3950,1.4532902e-09,0,Bile-duct
3955,0.9999999,1,Colon
3961,1.0,1,Colon
3969,1.0,1,Colon
3977,1.0,1,Colon
3981,1.0,1,Colon
3990,7.0045866e-07,0,Adrenal_gland
4008,6.225417e-14,0,Adrenal_gland
4014,2.5530722e-05,0,Adrenal_gland
4016,5.6697143e-05,0,Adrenal_gland
4024,2.31838e-10,0,Adrenal_gland
4025,7.44423e-10,0,Adrenal_gland
4030,3.851682e-09,0,Adrenal_gland
4032,7.8344074e-11,0,Adrenal_gland
4036,3.6255927e-14,0,Adrenal_gland
4037,4.43799e-12,0,Adrenal_gland
4042,0.00032667615,0,Adrenal_gland
4043,1.2831634e-05,0,Adrenal_gland
4046,2.9139807e-07,0,Adrenal_gland
4049,4.501132e-09,0,Adrenal_gland
4059,1.6409114e-09,0,Bile-duct
4061,9.379504e-12,0,Bile-duct
4064,8.0557285e-08,0,Bile-duct
4082,8.043688e-09,0,Bile-duct
4083,1.2898352e-08,0,Bile-duct
4088,4.732766e-12,0,Bile-duct
4090,2.5480702e-09,0,Bile-duct
4098,0.99999654,0,Bile-duct
4099,0.815106,0,Bile-duct
4104,9.92388e-09,0,Bile-duct
4106,1.6220201e-09,0,Bile-duct
4110,5.0002182e-08,0,Bladder
4115,5.9460487e-10,0,Bladder
4126,1.9180825e-06,0,Bladder
4130,1.4679823e-10,0,Bladder
4135,2.4736017e-05,0,Bladder
4137,5.540123e-07,0,Bladder
4141,5.332565e-05,0,Bladder
4149,2.3261909e-12,0,Bladder
4152,3.9740285e-14,0,Bladder
4153,4.127545e-11,0,Bladder
4160,1.0045363e-19,0,Breast
4165,1.1693182e-09,0,Breast
4166,6.045344e-10,0,Breast
4167,2.3281186e-11,0,Breast
4172,7.650705e-11,0,Breast
4206,1.1024009e-11,0,Breast
4208,2.8692376e-08,0,Breast
4215,2.1085118e-09,0,Cervix
4222,9.00423e-12,0,Cervix
4229,5.3071638e-08,0,Cervix
4235,1.0,1,Colon
4239,0.9999999,1,Colon
4244,0.9999999,1,Colon
4251,1.0,1,Colon
4252,0.9999995,1,Colon
4253,0.99999905,1,Colon
4254,0.9999981,1,Colon
4257,0.9999982,1,Colon
4258,0.9999987,1,Colon
4259,0.99999905,1,Colon
4260,0.9999995,1,Colon
4270,1.0,1,Colon
4271,1.0,1,Colon
4275,1.0,1,Colon
4293,0.9999999,1,Colon
4295,1.0,1,Colon
4298,0.9999999,1,Colon
4299,1.0,1,Colon
4310,1.0,1,Colon
4311,0.99999917,1,Colon
4314,1.0,1,Colon
4321,1.0,1,Colon
4331,0.9999999,1,Colon
4337,1.0,1,Colon
4341,1.0,1,Colon
4354,1.0,1,Colon
4359,0.9999999,1,Colon
4360,0.9999999,1,Colon
4361,0.9999995,1,Colon
4363,1.0,1,Colon
4375,1.0,1,Colon
4378,0.9999999,1,Colon
4381,0.9999995,1,Colon
4387,0.9999963,1,Colon
4388,0.99999964,1,Colon
4391,0.99999785,1,Colon
4403,0.99999917,1,Colon
4406,0.9999999,1,Colon
4407,0.9999999,1,Colon
4409,0.9999994,1,Colon
4412,0.9999999,1,Colon
4416,0.99999964,1,Colon
4417,0.9999999,1,Colon
4427,1.0,1,Colon
4433,0.9999999,1,Colon
4443,1.0,1,Colon
4447,0.9999999,1,Colon
4452,0.9999999,1,Colon
4466,0.9999976,1,Colon
4469,2.9126025e-07,0,Esophagus
4470,2.8376699e-09,0,Esophagus
4475,2.122952e-07,0,Esophagus
4477,1.2001615e-09,0,Esophagus
4481,1.0837858e-10,0,Esophagus
4482,3.246163e-10,0,Esophagus
4487,2.5354976e-14,0,Esophagus
4488,1.7966184e-09,0,Esophagus
4491,4.4025003e-10,0,Esophagus
4494,6.7615525e-07,0,Esophagus
4502,7.21168e-08,0,HeadNeck
4511,7.386433e-12,0,HeadNeck
4518,1.9645237e-05,0,HeadNeck
4519,1.1911859e-08,0,HeadNeck
4522,4.099417e-07,0,HeadNeck
4530,1.5548555e-07,0,HeadNeck
4533,8.304011e-07,0,HeadNeck
4536,2.5786385e-08,0,HeadNeck
4537,1.4158904e-06,0,HeadNeck
4552,1.0669196e-07,0,HeadNeck
4561,9.0989936e-08,0,HeadNeck
4565,3.161012e-07,0,HeadNeck
4580,1.0039254e-15,0,HeadNeck
4582,1.5659987e-09,0,HeadNeck
4591,7.783602e-11,0,HeadNeck
4592,2.290873e-09,0,HeadNeck
4597,0.0006137485,0,HeadNeck
4600,1.1902298e-08,0,HeadNeck
4605,9.603775e-06,0,HeadNeck
4618,1.1674935e-12,0,HeadNeck
4619,1.8940452e-13,0,HeadNeck
4620,4.1564374e-14,0,HeadNeck
4621,5.441307e-15,0,HeadNeck
4622,5.707057e-14,0,HeadNeck
4632,2.9873732e-08,0,HeadNeck
4636,1.1018036e-05,0,HeadNeck
4645,6.3206655e-11,0,HeadNeck
4648,6.239746e-09,0,HeadNeck
4666,5.295467e-11,0,HeadNeck
4676,1.8072467e-07,0,Kidney
4679,2.0132152e-09,0,Kidney
4687,1.3275635e-13,0,Kidney
4691,6.507318e-10,0,Kidney
4692,1.329684e-10,0,Kidney
4697,1.2810911e-13,0,Kidney
4704,5.408285e-13,0,Liver
4707,2.590451e-11,0,Liver
4720,1.193008e-18,0,Liver
4721,4.9971267e-09,0,Liver
4725,2.51178e-08,0,Liver
4732,8.267132e-11,0,Liver
4735,7.4256854e-09,0,Liver
4736,1.5377233e-20,0,Liver
4739,6.1766826e-08,0,Liver
4740,1.837737e-05,0,Liver
4749,6.3967874e-13,0,Liver
4754,7.1375634e-06,0,Liver
4762,1.9965845e-09,0,Liver
4763,5.941911e-10,0,Liver
4769,1.7093643e-07,0,Lung
4770,6.4954875e-10,0,Lung
4773,7.023824e-20,0,Ovarian
4777,2.1468424e-11,0,Ovarian
4785,9.777807e-11,0,Ovarian
4788,1.6200126e-10,0,Ovarian
4789,6.9278544e-16,0,Ovarian
4801,2.2825848e-10,0,Ovarian
4802,2.903955e-09,0,Ovarian
4806,1.1037233e-09,0,Ovarian
4808,1.7117418e-12,0,Pancreatic
4809,5.205025e-10,0,Pancreatic
4818,3.4402505e-11,0,Pancreatic
4823,2.9667394e-11,0,Pancreatic
4831,1.2850485e-09,0,Pancreatic
4832,1.9712647e-10,0,Pancreatic
4836,6.8307505e-11,0,Pancreatic
4851,3.3212391e-12,0,Pancreatic
4853,4.8357676e-12,0,Pancreatic
4859,6.2461084e-05,0,Pancreatic
4862,2.406558e-21,0,Pancreatic
4864,1.30408e-10,0,Pancreatic
4874,8.5019266e-08,0,Prostate
4875,6.8807366e-16,0,Prostate
4879,2.8617686e-14,0,Prostate
4886,1.6882166e-10,0,Prostate
4889,9.4070924e-07,0,Prostate
4890,4.692494e-13,0,Prostate
4893,3.4559393e-06,0,Prostate
4894,4.0469835e-08,0,Prostate
4913,1.12249675e-10,0,Skin
4914,3.920947e-11,0,Skin
4918,2.0088787e-11,0,Skin
4925,3.1811657e-11,0,Skin
4928,1.4724178e-07,0,Skin
4929,5.715634e-09,0,Skin
4932,1.6311443e-09,0,Skin
4933,2.957025e-07,0,Skin
4942,7.882976e-05,0,Skin
4947,3.853294e-06,0,Skin
4955,2.7552064e-08,0,Skin
4956,3.649833e-07,0,Skin
4972,1.9716745e-06,0,Stomach
4976,2.3743136e-14,0,Stomach
4984,1.5595348e-11,0,Stomach
4987,7.9616096e-14,0,Stomach
4988,2.7491705e-11,0,Stomach
5000,9.249358e-11,0,Stomach
5001,7.945655e-13,0,Stomach
5005,9.243e-13,0,Stomach
5015,1.8482701e-15,0,Testis
5020,1.0118115e-10,0,Testis
5028,1.961371e-10,0,Testis
5029,7.845327e-10,0,Testis
5033,2.5681722e-13,0,Testis
5042,3.5492294e-09,0,Thyroid
5050,1.3700225e-07,0,Thyroid
5051,2.0752816e-07,0,Thyroid
5070,1.7520398e-07,0,Thyroid
5072,5.0413215e-11,0,Thyroid
5078,8.882195e-13,0,Thyroid
5081,5.3566724e-11,0,Thyroid
5085,7.183125e-07,0,Uterus
5086,2.8494797e-11,0,Uterus
5089,1.0,1,Colon
5093,1.0,1,Colon
5096,0.9999995,1,Colon
5103,1.0,1,Colon
5104,1.0,1,Colon
5110,1.0,1,Colon
5111,1.0,1,Colon
5113,1.0,1,Colon
5116,1.0,1,Colon
5124,1.0,1,Colon
5129,1.0,1,Colon
5130,1.0,1,Colon
5146,0.99999714,1,Colon
5161,1.0,1,Colon
5162,1.0,1,Colon
5182,1.4776176e-10,0,Breast
5188,2.5618281e-12,0,Breast
5192,1.9029512e-15,0,Breast
5198,1.1438749e-09,0,Breast
5200,5.4482334e-19,0,Breast
5203,2.9012282e-11,0,Breast
5206,7.854533e-18,0,Breast
5227,1.1577979e-05,0,Breast
5230,8.223981e-25,0,Breast
5233,4.148548e-18,0,Breast
5234,4.8759785e-21,0,Breast
5237,5.928267e-22,0,Breast
5238,2.4683344e-26,0,Breast
5239,1.1487722e-17,0,Breast
5241,4.8523342e-23,0,Breast
5246,6.744311e-22,0,Breast
5251,1.6344524e-12,0,Breast
5264,1.5857231e-15,0,Breast
5266,2.6662305e-14,0,Breast
5267,2.5647504e-13,0,Breast
5281,3.155956e-16,0,Breast
5282,5.595452e-08,0,Breast
5285,3.228427e-19,0,Breast
5288,5.098927e-19,0,Breast
5289,2.081749e-21,0,Breast
5290,4.960318e-32,0,Breast
5291,4.5567736e-19,0,Breast
5296,8.396246e-15,0,Breast
5298,2.442958e-11,0,Breast
5299,3.720163e-13,0,Breast
5301,2.3630365e-22,0,Breast
5307,6.5352326e-24,0,Breast
5308,2.7917818e-30,0,Breast
5310,3.8796873e-08,0,Breast
5318,1.1121528e-13,0,Breast
5324,2.6326243e-19,0,Breast
5325,5.0819253e-08,0,Breast
5336,5.1184253e-15,0,Breast
5337,3.1463262e-13,0,Breast
5354,6.612126e-10,0,Breast
5360,2.256821e-15,0,Breast
5361,9.002764e-17,0,Breast
5362,5.894352e-11,0,Breast
5371,5.394233e-13,0,Breast
5376,4.831937e-25,0,Breast
5377,5.613085e-17,0,Breast
5384,5.6351815e-25,0,Breast
5385,9.793145e-12,0,Breast
5388,4.242043e-16,0,Breast
5390,3.5605826e-15,0,Breast
5397,6.370289e-18,0,Breast
5399,9.5422585e-14,0,Breast
5402,1.287624e-10,0,Breast
5405,1.1132383e-15,0,Breast
5409,4.450206e-15,0,Breast
5413,3.5523882e-15,0,Breast
5419,9.322909e-16,0,Breast
5422,9.721963e-22,0,Breast
5426,1.2028814e-21,0,Breast
5444,6.7829214e-11,0,Breast
5446,1.7135554e-15,0,Breast
5456,1.6691171e-15,0,Breast
5461,2.0021518e-13,0,Breast
5463,2.4744673e-22,0,Breast
5466,9.778113e-17,0,Breast
5468,4.270249e-14,0,Breast
5484,2.6255918e-13,0,Breast
5487,2.8804543e-17,0,Breast
5493,9.452095e-27,0,Breast
5498,6.1072786e-10,0,Breast
5502,6.909928e-10,0,Breast
5509,3.2881627e-18,0,Breast
5511,2.2434222e-15,0,Breast
5522,1.728438e-23,0,Breast
5526,4.5259956e-16,0,Breast
5533,4.9646914e-17,0,Breast
5534,6.4214164e-14,0,Breast
5558,2.0890243e-17,0,Breast
5562,3.4948187e-08,0,Breast
5572,5.7344742e-34,0,Breast
5577,2.6678296e-24,0,Breast
5582,1.418021e-15,0,Breast
5584,3.289195e-16,0,Breast
5585,2.1787835e-15,0,Breast
5589,2.1697791e-12,0,Breast
5599,1.149203e-15,0,Breast
5601,1.9831909e-16,0,Breast
5605,5.332225e-12,0,Breast
5609,3.650255e-13,0,Breast
5630,5.3667597e-17,0,Breast
5641,1.0072814e-16,0,Breast
5644,1.06144244e-20,0,Breast
5650,6.2273015e-19,0,Breast
5652,3.295037e-22,0,Breast
5659,5.4198696e-10,0,Breast
5664,9.2897966e-14,0,Breast
5665,6.8595206e-20,0,Breast
5668,1.3671115e-19,0,Breast
5671,2.00366e-10,0,Breast
5677,3.6527056e-21,0,Breast
5678,3.9781308e-18,0,Breast
5688,1.2980564e-15,0,Breast
5691,1.5599497e-13,0,Breast
5696,5.979051e-14,0,Breast
5702,9.247686e-14,0,Breast
5704,1.3763304e-13,0,Breast
5710,8.879182e-20,0,Breast
5711,6.787298e-14,0,Breast
5723,4.891872e-13,0,Breast
5729,1.04855354e-10,0,Breast
5732,9.451244e-09,0,Breast
5738,1.1328595e-14,0,Breast
5742,2.3340418e-14,0,Breast
5747,2.0465836e-06,0,Breast
5749,0.70711666,0,Breast
5750,1.01079785e-08,0,Breast
5763,4.1552893e-21,0,Breast
5766,2.6966876e-21,0,Breast
5771,3.883086e-19,0,Breast
5772,8.2679835e-11,0,Breast
5782,1.8558463e-20,0,Breast
5785,1.05058444e-23,0,Breast
5790,9.535968e-13,0,Breast
5792,4.05719e-05,0,Breast
5800,3.163788e-06,0,Breast
5801,6.5369395e-13,0,Breast
5804,5.592325e-12,0,Breast
5807,6.24435e-14,0,Breast
5817,3.463371e-12,0,Breast
5818,8.718624e-17,0,Breast
5823,2.168565e-10,0,Breast
5825,6.493539e-15,0,Breast
5826,1.0620479e-24,0,Breast
5830,3.5079385e-21,0,Breast
5836,9.72209e-19,0,Breast
5838,8.2927457e-19,0,Breast
5840,8.655934e-15,0,Breast
5844,8.60831e-17,0,Breast
5852,4.2994742e-14,0,Breast
5856,4.816622e-19,0,Breast
5858,1.8593132e-18,0,Breast
5862,1.4213835e-16,0,Breast
5867,1.6734775e-23,0,Breast
5871,4.4376063e-17,0,Breast
5875,1.0660525e-12,0,Breast
5883,1.3840803e-21,0,Breast
5890,1.0,1,Colon
5893,1.0,1,Colon
5894,1.0,1,Colon
5895,1.0,1,Colon
5896,1.0,1,Colon
5898,1.0,1,Colon
5899,1.0,1,Colon
5911,1.0,1,Colon
5914,1.0,1,Colon
5920,1.0,1,Colon
5934,1.0,1,Colon
5951,1.0,1,Colon
5953,1.0,1,Colon
5955,1.0,1,Colon
5956,1.0,1,Colon
5958,1.0,1,Colon
5959,1.0,1,Colon
5960,1.0,1,Colon
5964,1.0,1,Colon
5967,1.0,1,Colon
5977,1.0,1,Colon
5983,1.0,1,Colon
5984,1.0,1,Colon
5990,1.0,1,Colon
6012,6.8556307e-07,0,Breast
6013,2.7494893e-08,0,Breast
6015,1.37624e-07,0,Breast
6016,2.185626e-07,0,Breast
6019,1.7621711e-09,0,Breast
6020,2.1027926e-09,1,Colon
6029,7.729823e-15,0,Prostate
6034,9.739154e-10,0,Breast
6037,3.5094656e-09,0,Breast
6041,3.328521e-11,0,Bladder
6046,1.4648399e-12,0,Prostate
6054,2.6797053e-14,0,Prostate
6055,2.932988e-14,0,Prostate
6065,1.4631436e-10,0,Kidney
6068,1.067571e-11,0,Kidney
6070,2.404822e-11,0,Stomach
6073,2.2290454e-10,0,Stomach
6088,1.2063927e-09,0,Esophagus
6090,8.215707e-09,0,Esophagus
6098,1.5928687e-14,0,Esophagus
6101,4.7985498e-11,0,Esophagus
6103,1.9725792e-12,0,Esophagus
6104,4.9066414e-11,0,Esophagus
6109,2.474873e-11,0,Lung
6111,1.1457472e-11,0,Lung
6113,1.3476847e-10,0,Lung
6117,6.299219e-11,0,Lung
6128,3.5797006e-13,0,Lung
6133,2.4846398e-07,0,Lung
6149,8.962301e-06,0,Uterus
6160,6.9656435e-06,0,Uterus
6162,5.3421995e-06,0,Uterus
6164,6.9767852e-06,0,Uterus
6166,0.0025280411,0,Uterus
6169,2.374167e-08,0,Uterus
6170,0.00028019844,0,Uterus
6175,8.107836e-05,0,Uterus
6183,2.5277139e-14,0,Uterus
6186,4.799714e-14,0,Uterus
6192,2.5097647e-06,0,Thyroid
6199,1.1793645e-12,0,Skin
6208,1.6823544e-09,0,Cervix
6210,4.4168286e-07,0,Thyroid
6215,2.0344937e-15,0,Thyroid
6222,1.6280028e-08,0,Esophagus
6224,1.0274811e-09,0,Esophagus
6228,9.616422e-10,0,Esophagus
6237,5.50783e-12,0,Esophagus
6239,5.2598853e-10,0,Esophagus
6248,4.3501952e-11,0,Esophagus
6252,1.091248e-08,0,Esophagus
6253,3.206739e-07,0,Esophagus
6254,3.8962744e-09,0,Esophagus
6283,2.4157462e-10,0,Adrenal_gland
6285,1.7976964e-11,0,Adrenal_gland
6293,2.4042432e-08,0,Adrenal_gland
6296,1.0025886e-06,0,Adrenal_gland
6298,1.3730027e-10,0,Adrenal_gland
6299,1.563273e-14,0,Adrenal_gland
6303,1.2958489e-09,0,Adrenal_gland
6305,2.9392296e-12,0,Adrenal_gland
6309,2.7135175e-14,0,Adrenal_gland
6318,1.3567679e-11,0,Adrenal_gland
6320,1.4551873e-09,0,Adrenal_gland
6329,3.3540655e-14,0,Esophagus
6340,1.1553024e-10,0,Esophagus
6344,1.7912831e-10,0,Esophagus
6353,1.0052281e-08,0,Esophagus
6367,9.8219946e-11,0,Adrenal_gland
6371,2.7633256e-09,0,Adrenal_gland
6372,5.88326e-13,0,Adrenal_gland
6373,2.0582847e-10,0,Adrenal_gland
6376,1.8965424e-10,0,Adrenal_gland
6378,2.3200808e-08,0,Adrenal_gland
6395,2.4593985e-09,0,Adrenal_gland
6399,7.173736e-05,0,Adrenal_gland
6402,2.8775526e-07,0,Adrenal_gland
6406,1.751251e-13,0,Cervix
6412,7.146963e-06,0,Cervix
6414,2.8608698e-09,0,Cervix
6420,1.6238324e-07,0,Cervix
6423,5.075372e-10,0,Cervix
6428,3.0833016e-12,0,Bile-duct
6429,9.485693e-11,0,Bile-duct
6434,1.9597098e-11,0,Bile-duct
6435,2.281228e-09,0,Bile-duct
6438,1.0240235e-10,0,Bile-duct
6441,6.829347e-10,0,Bile-duct
6458,1.8929895e-14,0,Bile-duct
6460,7.589302e-14,0,Bile-duct
6475,8.9865665e-10,0,Testis
6477,6.451091e-13,0,Testis
6483,3.72408e-14,0,Testis
6486,4.387763e-10,0,Testis
6489,3.5144922e-07,0,Testis
6497,2.1019443e-11,0,Bile-duct
6500,8.2639635e-06,0,Bile-duct
6502,1.9973174e-11,0,Bile-duct
6503,7.509281e-08,0,Bile-duct
6507,8.23815e-08,0,Bile-duct
6509,7.7499895e-11,0,Bile-duct
6513,1.1044676e-07,0,Bile-duct
6522,2.045454e-06,0,Bile-duct
6524,4.3888866e-09,0,Bile-duct
6530,1.0,1,Colon
6531,1.0,1,Colon
6535,1.0,1,Colon
6542,0.9999993,1,Colon
6547,1.0,1,Colon
6553,1.0,1,Colon
6557,1.0,1,Colon
6566,1.0,1,Colon
6575,1.0,1,Colon
6582,1.631254e-08,0,Adrenal_gland
6595,8.937975e-12,0,Adrenal_gland
6608,2.8337929e-05,0,Adrenal_gland
6609,4.626237e-07,0,Adrenal_gland
6623,3.3472736e-13,0,Adrenal_gland
6629,5.9297276e-06,0,Adrenal_gland
6631,5.183362e-06,0,Adrenal_gland
6636,4.9452297e-05,0,Adrenal_gland
6639,1.0309991e-09,0,Adrenal_gland
6643,2.1949829e-16,0,Adrenal_gland
6645,2.390705e-10,0,Adrenal_gland
6646,1.3727925e-11,0,Adrenal_gland
6651,9.594774e-08,0,Bile-duct
6655,3.9171288e-10,0,Bile-duct
6656,1.2605197e-10,0,Bile-duct
6657,1.3322512e-09,0,Bile-duct
6660,1.38338525e-11,0,Bile-duct
6671,1.101003e-08,0,Bile-duct
6675,3.8120586e-05,0,Bile-duct
6684,5.891659e-13,0,Bile-duct
6695,6.4376286e-14,0,Bile-duct
6696,1.6444887e-10,0,Bile-duct
6697,2.939445e-05,0,Bile-duct
6715,4.1495184e-12,0,Bile-duct
6722,1.5198669e-08,0,Bile-duct
6725,2.8315457e-08,0,Bile-duct
6729,6.155628e-09,0,Bile-duct
6731,1.0640816e-09,0,Bile-duct
6732,1.5421833e-07,0,Bladder
6736,4.249492e-09,0,Bladder
6743,9.535591e-12,0,Bladder
6746,1.0949767e-14,0,Bladder
6747,1.4522855e-11,0,Bladder
6750,2.3996698e-09,0,Bladder
6751,3.1726944e-11,0,Bladder
6760,6.1478947e-13,0,Bladder
6765,3.405025e-11,0,Bladder
6774,6.528731e-16,0,Bladder
6776,2.5194484e-11,0,Bladder
6780,9.647288e-17,0,Bladder
6784,1.7208528e-15,0,Bladder
6789,3.1801174e-14,0,Bladder
6790,1.3839599e-27,0,Breast
6791,8.177498e-24,0,Breast
6792,3.9774865e-14,0,Breast
6794,2.9896895e-14,0,Breast
6801,3.5187584e-06,0,Breast
6813,1.4710347e-10,0,Breast
6815,3.5464614e-05,0,Breast
6816,3.119644e-10,0,Breast
6823,2.5982583e-08,0,Breast
6824,2.3576822e-12,0,Breast
6827,9.7727835e-09,0,Breast
6842,1.4993244e-14,0,Breast
6844,1.0853176e-08,0,Cervix
6853,2.5928127e-08,0,Cervix
6855,4.4831868e-05,0,Cervix
6857,1.1411728e-05,0,Cervix
6863,1.8283576e-08,0,Cervix
6867,1.3244559e-08,0,Cervix
6874,8.292159e-08,0,Cervix
6879,4.766588e-14,0,Cervix
6883,1.0,1,Colon
6896,1.0,1,Colon
6897,0.9999999,1,Colon
6900,0.9999999,1,Colon
6903,1.0,1,Colon
6904,0.9999993,1,Colon
6909,0.99999964,1,Colon
6910,0.9999995,1,Colon
6917,0.999998,1,Colon
6921,0.99999976,1,Colon
6926,1.0,1,Colon
6927,1.0,1,Colon
6928,1.0,1,Colon
6932,1.0,1,Colon
6936,1.0,1,Colon
6945,1.0,1,Colon
6951,0.9999999,1,Colon
6954,1.0,1,Colon
6957,1.0,1,Colon
6958,1.0,1,Colon
6968,0.9999994,1,Colon
6974,0.9999994,1,Colon
6980,1.0,1,Colon
6981,0.99999964,1,Colon
6989,0.9999999,1,Colon
6994,0.99999976,1,Colon
6998,0.9999999,1,Colon
7002,0.9999995,1,Colon
7010,0.9999994,1,Colon
7012,1.0,1,Colon
7015,1.0,1,Colon
7018,1.0,1,Colon
7020,1.0,1,Colon
7022,0.9999988,1,Colon
7028,1.0,1,Colon
7030,1.0,1,Colon
7031,1.0,1,Colon
7032,1.0,1,Colon
7038,1.0,1,Colon
7040,1.0,1,Colon
7041,1.0,1,Colon
7045,0.9999999,1,Colon
7049,1.0,1,Colon
7050,0.99999976,1,Colon
7052,0.9999999,1,Colon
7063,0.9999999,1,Colon
7064,0.9999999,1,Colon
7068,1.0,1,Colon
7071,0.99999976,1,Colon
7074,0.9999994,1,Colon
7077,0.9999995,1,Colon
7084,0.9999999,1,Colon
7085,1.0,1,Colon
7093,1.0,1,Colon
7094,1.0,1,Colon
7097,0.99999976,1,Colon
7099,0.99999976,1,Colon
7104,0.99999976,1,Colon
7106,0.9999994,1,Colon
7107,0.9999999,1,Colon
7111,0.9999988,1,Colon
7125,0.9999993,1,Colon
7127,1.1565867e-08,0,Esophagus
7129,1.980207e-05,0,Esophagus
7130,4.7904614e-09,0,Esophagus
7149,7.825875e-12,0,Esophagus
7151,1.8870896e-09,0,Esophagus
7156,3.8952005e-11,0,Esophagus
7159,1.5038669e-10,0,Esophagus
7163,4.4206687e-13,0,Esophagus
7165,8.251208e-14,0,Esophagus
7168,6.395845e-07,0,HeadNeck
7170,1.6986412e-12,0,HeadNeck
7178,6.106574e-08,0,HeadNeck
7179,8.925323e-11,0,HeadNeck
7184,0.00021031457,0,HeadNeck
7186,3.9734495e-08,0,HeadNeck
7190,1.6042608e-06,0,HeadNeck
7191,3.30104e-07,0,HeadNeck
7196,4.3201326e-10,0,HeadNeck
7197,5.3464323e-08,0,HeadNeck
7200,2.0845289e-07,0,HeadNeck
7203,4.6667203e-08,0,HeadNeck
7220,3.3156472e-10,0,HeadNeck
7222,8.3680496e-10,0,HeadNeck
7230,2.4909452e-08,0,HeadNeck
7233,2.1415869e-07,0,HeadNeck
7235,2.246e-11,0,HeadNeck
7236,7.760052e-06,0,HeadNeck
7240,6.415638e-14,0,HeadNeck
7242,1.2285112e-11,0,HeadNeck
7246,1.4810783e-12,0,HeadNeck
7255,6.780886e-07,0,HeadNeck
7257,4.9657984e-07,0,HeadNeck
7270,3.4170448e-13,0,HeadNeck
7271,1.3834134e-16,0,HeadNeck
7275,1.0138158e-08,0,HeadNeck
7276,6.7782654e-11,0,HeadNeck
7277,4.2520888e-08,0,HeadNeck
7286,1.2189841e-10,0,HeadNeck
7295,1.0428537e-09,0,HeadNeck
7301,7.213551e-08,0,HeadNeck
7304,5.008624e-13,0,HeadNeck
7308,5.549033e-07,0,HeadNeck
7310,4.4006075e-08,0,HeadNeck
7311,5.8028665e-08,0,Kidney
7314,2.607614e-10,0,Kidney
7315,2.5582299e-08,0,Kidney
7321,3.0384713e-06,0,Kidney
7324,3.0364932e-21,0,Kidney
7329,6.7142354e-19,0,Kidney
7331,2.3834011e-11,0,Kidney
7334,4.056446e-14,0,Kidney
7341,3.0138065e-09,0,Kidney
7360,6.999926e-12,0,Liver
7362,5.969106e-17,0,Liver
7368,3.967981e-08,0,Liver
7371,7.677965e-12,0,Liver
7380,8.840233e-12,0,Liver
7385,2.8619886e-09,0,Liver
7390,1.1401038e-14,0,Liver
7398,1.39608e-14,0,Liver
7399,3.3588723e-22,0,Liver
7402,2.2348295e-15,0,Liver
7407,1.1318526e-07,0,Liver
7413,2.3247309e-09,0,Liver
7416,2.4371523e-09,0,Liver
7421,1.09917315e-16,0,Liver
7424,7.34197e-10,0,Liver
7427,5.1249662e-09,0,Liver
7431,3.4007558e-10,0,Liver
7434,8.4533104e-07,0,Liver
7437,4.7051082e-05,0,Lung
7439,3.451206e-15,0,Lung
7440,2.1997337e-06,0,Lung
7443,4.3629836e-11,0,Lung
7445,7.526301e-12,0,Ovarian
7448,1.8458896e-14,0,Ovarian
7449,1.560205e-10,0,Ovarian
7452,1.7172674e-13,0,Ovarian
7453,2.9062153e-13,0,Ovarian
7462,2.8998548e-12,0,Ovarian
7467,1.0376809e-13,0,Ovarian
7476,9.739028e-09,0,Ovarian
7478,6.5565664e-10,0,Ovarian
7482,1.0239122e-10,0,Ovarian
7486,7.634987e-08,0,Ovarian
7491,7.5388e-08,0,Ovarian
7495,2.747638e-16,0,Pancreatic
7496,1.0278168e-08,0,Pancreatic
7500,2.909316e-09,0,Pancreatic
7504,1.156622e-08,0,Pancreatic
7505,5.624824e-12,0,Pancreatic
7508,4.987455e-07,0,Pancreatic
7511,2.1331766e-07,0,Pancreatic
7522,1.8710248e-14,0,Prostate
7524,2.4447734e-13,0,Prostate
7539,2.5230864e-09,0,Prostate
7540,2.201971e-14,0,Prostate
7544,1.3565675e-09,0,Prostate
7548,3.767363e-09,0,Prostate
7551,1.829813e-11,0,Prostate
7552,1.3691891e-07,0,Prostate
7554,2.6511609e-07,0,Prostate
7555,5.291346e-07,0,Skin
7559,0.00014302974,0,Skin
7561,1.0179774e-09,0,Skin
7564,1.440417e-12,0,Skin
7575,1.679568e-06,0,Skin
7580,4.2807407e-08,0,Skin
7583,5.362293e-07,0,Skin
7584,7.343727e-12,0,Skin
7587,5.2231722e-11,0,Skin
7590,1.0267949e-10,0,Skin
7591,3.2133194e-06,0,Stomach
7594,2.5504123e-05,0,Stomach
7595,7.592524e-12,0,Stomach
7604,1.3644468e-15,0,Stomach
7609,2.0272182e-16,0,Stomach
7618,6.147992e-12,0,Stomach
7620,1.7907567e-14,0,Stomach
7624,7.2684636e-12,0,Stomach
7628,8.574657e-12,0,Stomach
7633,4.406666e-18,0,Stomach
7645,3.20882e-11,0,Testis
7650,2.997355e-12,0,Testis
7654,2.5618956e-09,0,Testis
7655,1.1093558e-10,0,Testis
7658,2.3683935e-10,0,Testis
7660,8.559812e-10,0,Testis
7661,1.0640439e-07,0,Testis
7663,3.303147e-07,0,Thyroid
7664,1.732791e-05,0,Thyroid
7667,4.599104e-07,0,Thyroid
7673,0.9772882,0,Thyroid
7678,3.892863e-10,0,Thyroid
7682,7.660824e-11,0,Thyroid
7686,3.7861553e-06,0,Thyroid
7687,0.0003194362,0,Thyroid
7690,3.2229448e-08,0,Thyroid
7694,5.6064337e-08,0,Thyroid
7698,3.8894638e-10,0,Thyroid
7701,6.057345e-11,0,Thyroid
7714,1.5104122e-14,0,Uterus
7715,4.538464e-11,0,Uterus
7719,5.3514436e-11,0,Uterus
7726,6.8726936e-13,0,Uterus
7729,1.788659e-16,0,Uterus
7730,1.5950258e-05,0,Uterus
7733,0.0014569458,0,Uterus
7734,0.0006103532,0,Uterus
7743,3.5811126e-10,0,Uterus
7748,1.0379783e-12,0,Uterus
7756,2.2147157e-15,0,Uterus
7757,4.954437e-17,0,Uterus
7776,2.2917371e-10,0,Uterus
7778,3.607543e-09,0,Uterus
7781,2.1949655e-09,0,Uterus
7784,9.354956e-12,0,Uterus
7787,9.527261e-09,0,Uterus
7797,4.0269157e-09,0,Uterus
7802,3.5891317e-06,0,Uterus
7806,6.491082e-09,0,Uterus
7809,1.1930649e-06,0,Uterus
7811,2.230891e-06,0,Uterus
7812,1.9092444e-07,0,Uterus
7815,1.0,1,Colon
7816,1.0,1,Colon
7817,1.0,1,Colon
7820,0.99999976,1,Colon
7824,1.0,1,Colon
7829,1.0,1,Colon
7830,1.0,1,Colon
7836,1.0,1,Colon
7843,1.0,1,Colon
7857,0.9999975,1,Colon
7858,1.0,1,Colon
7861,1.0,1,Colon
7864,0.9999764,1,Colon
7865,1.0,1,Colon
7876,1.0,1,Colon
7879,1.0,1,Colon
7887,1.0,1,Colon
7898,1.0,1,Colon
