0.0,1684430910204,0.5625
1.0,1684430914565,0.59375
2.0,1684430919531,0.75
3.0,1684430925293,0.59375
4.0,1684430930649,0.96875
5.0,1684430934985,0.75
6.0,1684430940825,0.84375
7.0,1684430946345,0.875
8.0,1684430952136,0.75
9.0,1684430957686,0.78125
10.0,1684430962530,0.78125
11.0,1684430967237,0.8125
12.0,1684430973453,0.71875
13.0,1684430983895,0.84375
14.0,1684430989913,0.71875
15.0,1684430995374,0.90625
16.0,1684431000667,0.75
17.0,1684431005132,0.65625
18.0,1684431011157,0.6875
19.0,1684431015875,0.71875
20.0,1684431020930,0.84375
21.0,1684431026739,0.875
22.0,1684431032840,0.78125
23.0,1684431037477,0.84375
24.0,1684431042309,0.75
25.0,1684431046539,0.875
26.0,1684431051244,0.9375
27.0,1684431056620,0.90625
28.0,1684431061915,0.90625
29.0,1684431067493,0.90625
30.0,1684431072018,0.9375
31.0,1684431077207,0.9375
32.0,1684431081679,0.96875
33.0,1684431085515,0.8125
34.0,1684431090426,0.96875
35.0,1684431095829,0.875
36.0,1684431101094,0.90625
37.0,1684431107140,1.0
38.0,1684431112549,0.96875
39.0,1684431117536,0.9375
40.0,1684431122448,0.9375
41.0,1684431127675,0.96875
42.0,1684431133789,1.0
43.0,1684431138910,1.0
44.0,1684431143250,0.9375
45.0,1684431148462,0.84375
46.0,1684431153054,0.9375
47.0,1684431157981,0.96875
48.0,1684431163478,0.875
49.0,1684431168839,0.84375
50.0,1684431174930,0.9375
51.0,1684431179483,0.875
52.0,1684431184738,0.96875
53.0,1684431189250,0.90625
54.0,1684431194401,0.9375
55.0,1684431199633,0.96875
56.0,1684431204971,0.75
57.0,1684431210434,0.84375
58.0,1684431214867,0.78125
59.0,1684431219310,0.75
60.0,1684431223592,0.78125
61.0,1684431228826,0.78125
62.0,1684431233702,0.6875
63.0,1684431238502,0.84375
64.0,1684431242596,0.71875
65.0,1684431247182,0.875
66.0,1684431253126,0.875
67.0,1684431257898,0.71875
68.0,1684431263783,0.875
69.0,1684431268902,0.8125
70.0,1684431273422,0.6875
71.0,1684431279130,0.8125
72.0,1684431283726,0.78125
73.0,1684431289175,0.75
74.0,1684431294993,0.84375
75.0,1684431300525,0.84375
76.0,1684431304964,0.78125
77.0,1684431311127,0.9375
78.0,1684431315997,0.78125
79.0,1684431321254,0.8125
80.0,1684431327151,0.90625
81.0,1684431332011,0.71875
82.0,1684431337154,0.71875
83.0,1684431341150,0.84375
84.0,1684431346255,0.75
85.0,1684431350885,0.6875
86.0,1684431355938,0.8125
87.0,1684431362503,0.78125
88.0,1684431367045,0.84375
89.0,1684431370817,0.78125
90.0,1684431376257,0.96875
91.0,1684431382480,0.84375
92.0,1684431388358,0.875
93.0,1684431394435,0.875
94.0,1684431400748,0.78125
95.0,1684431407392,0.84375
96.0,1684431411531,0.78125
97.0,1684431416563,0.875
98.0,1684431421982,0.875
99.0,1684431425940,0.71875
100.0,1684431431510,0.90625
101.0,1684431436757,0.84375
102.0,1684431441771,0.875
103.0,1684431446751,0.8125
104.0,1684431452372,0.8125
105.0,1684431456866,0.8125
106.0,1684431461904,0.78125
107.0,1684431467196,0.8125
108.0,1684431473099,0.90625
109.0,1684431477927,0.84375
110.0,1684431483190,0.78125
111.0,1684431487621,0.78125
112.0,1684431492772,0.6875
113.0,1684431498185,0.90625
114.0,1684431504357,0.9375
115.0,1684431509846,0.8125
116.0,1684431514831,0.71875
117.0,1684431519815,0.90625
118.0,1684431524679,0.875
119.0,1684431529787,0.78125
120.0,1684431535382,0.84375
121.0,1684431540002,0.84375
122.0,1684431546005,0.8125
123.0,1684431551721,0.90625
124.0,1684431558123,0.78125
125.0,1684431562443,0.9375
126.0,1684431567252,0.8125
127.0,1684431572944,0.8125
128.0,1684431579144,0.78125
129.0,1684431585068,0.84375
130.0,1684431589943,0.71875
131.0,1684431595342,0.78125
132.0,1684431599239,0.84375
133.0,1684431604952,0.875
134.0,1684431610428,0.8125
135.0,1684431616311,0.78125
136.0,1684431622339,0.84375
137.0,1684431626815,0.78125
138.0,1684431632358,0.84375
139.0,1684431637237,0.875
140.0,1684431643141,0.875
141.0,1684431647708,0.8125
142.0,1684431652408,0.8125
143.0,1684431657424,0.71875
144.0,1684431661557,0.6875
145.0,1684431667252,0.84375
146.0,1684431672802,0.8125
147.0,1684431677648,0.90625
148.0,1684431682132,0.8125
149.0,1684431686655,0.71875
150.0,1684431690936,0.71875
151.0,1684431695587,0.78125
152.0,1684431700291,0.78125
153.0,1684431705250,0.84375
154.0,1684431710335,0.71875
155.0,1684431715727,0.71875
156.0,1684431720638,0.78125
157.0,1684431725980,0.71875
158.0,1684431731442,0.84375
159.0,1684431736051,0.84375
160.0,1684431736371,0.6666666666666666
161.0,1684431736940,0.71875
162.0,1684431737072,0.8125
163.0,1684431737207,0.75
164.0,1684431737347,0.90625
165.0,1684431737485,0.8125
166.0,1684431737620,0.8125
167.0,1684431737754,0.75
168.0,1684431737908,0.6875
169.0,1684431738054,0.75
170.0,1684431738202,0.84375
171.0,1684431738350,0.875
172.0,1684431738492,0.78125
173.0,1684431738624,0.84375
174.0,1684431738764,0.8125
175.0,1684431738910,0.78125
176.0,1684431739047,0.75
177.0,1684431739184,0.59375
178.0,1684431739336,0.875
179.0,1684431739478,0.71875
180.0,1684431739611,0.75
181.0,1684431739778,0.71875
182.0,1684431739920,0.8125
183.0,1684431740069,0.78125
184.0,1684431740207,0.875
185.0,1684431740354,0.875
186.0,1684431740490,0.84375
187.0,1684431740622,0.84375
188.0,1684431740754,0.71875
189.0,1684431740890,0.8125
190.0,1684431741038,0.8125
191.0,1684431741168,0.8125
192.0,1684431741304,0.84375
193.0,1684431741433,0.84375
194.0,1684431741578,0.6875
195.0,1684431741711,0.8125
196.0,1684431741842,0.8125
197.0,1684431741979,0.71875
198.0,1684431742119,0.65625
199.0,1684431742261,0.84375
200.0,1684431742413,0.78125
201.0,1684431742572,0.90625
202.0,1684431742721,0.78125
203.0,1684431742864,0.9375
204.0,1684431743004,0.78125
205.0,1684431743146,0.84375
206.0,1684431743288,0.8125
207.0,1684431743422,0.90625
208.0,1684431743563,0.59375
209.0,1684431743697,0.875
210.0,1684431743862,0.75
211.0,1684431744043,0.875
212.0,1684431744218,0.75
213.0,1684431744396,0.78125
214.0,1684431744573,0.78125
215.0,1684431744744,0.78125
216.0,1684431744907,0.8125
217.0,1684431745082,0.65625
218.0,1684431745246,0.84375
219.0,1684431745406,0.90625
220.0,1684431745580,0.8125
221.0,1684431745745,0.875
222.0,1684431745930,0.625
223.0,1684431746106,0.84375
224.0,1684431746276,0.75
225.0,1684431746442,0.6875
226.0,1684431746613,0.875
227.0,1684431746791,0.78125
228.0,1684431746958,0.71875
229.0,1684431747130,0.875
230.0,1684431747295,0.84375
231.0,1684431747458,0.84375
232.0,1684431747624,0.84375
233.0,1684431747809,0.8125
234.0,1684431747983,0.78125
235.0,1684431748151,0.875
236.0,1684431748327,0.71875
237.0,1684431748466,0.8125
238.0,1684431748600,0.8125
239.0,1684431748733,0.71875
240.0,1684431748870,0.875
241.0,1684431749015,0.6875
242.0,1684431749159,0.78125
243.0,1684431749297,0.78125
244.0,1684431749436,0.78125
245.0,1684431749568,0.875
246.0,1684431749701,0.78125
247.0,1684431749840,0.875
248.0,1684431749979,0.8125
249.0,1684431750115,0.78125
250.0,1684431750270,0.78125
251.0,1684431750400,0.78125
252.0,1684431750533,0.78125
253.0,1684431750665,0.90625
254.0,1684431750808,0.8125
255.0,1684431750943,0.8125
256.0,1684431751085,0.8125
257.0,1684431751221,0.84375
258.0,1684431751358,0.75
259.0,1684431751490,0.8125
260.0,1684431751622,0.8125
261.0,1684431751762,0.8125
262.0,1684431751902,0.8125
263.0,1684431752035,0.84375
264.0,1684431752170,0.875
265.0,1684431752307,0.84375
266.0,1684431752439,0.6875
267.0,1684431752569,0.875
268.0,1684431752704,0.78125
269.0,1684431752852,0.75
270.0,1684431752987,0.9375
271.0,1684431753125,0.75
272.0,1684431753268,0.90625
273.0,1684431753401,0.75
274.0,1684431753538,0.8125
275.0,1684431753671,0.78125
276.0,1684431753801,0.78125
277.0,1684431753935,0.65625
278.0,1684431754071,0.90625
279.0,1684431754214,0.75
280.0,1684431754361,0.84375
281.0,1684431754500,0.78125
282.0,1684431754630,0.84375
283.0,1684431754763,0.84375
284.0,1684431754903,0.78125
285.0,1684431755033,0.90625
286.0,1684431755166,0.875
287.0,1684431755302,0.8125
288.0,1684431755436,0.8125
289.0,1684431755579,0.84375
290.0,1684431755713,0.875
291.0,1684431755848,0.6875
292.0,1684431755987,0.875
293.0,1684431756127,0.78125
294.0,1684431756261,0.75
295.0,1684431756396,0.875
296.0,1684431756529,0.8125
297.0,1684431756663,0.71875
298.0,1684431756798,0.75
299.0,1684431756937,0.90625
300.0,1684431757093,0.84375
301.0,1684431757232,0.875
302.0,1684431757361,0.84375
303.0,1684431757493,0.96875
304.0,1684431757625,0.875
305.0,1684431757759,0.78125
306.0,1684431757900,0.78125
307.0,1684431758036,0.8125
308.0,1684431758176,0.875
309.0,1684431758338,0.96875
310.0,1684431758524,0.78125
311.0,1684431758699,0.8125
312.0,1684431758863,0.75
313.0,1684431759034,0.78125
314.0,1684431759206,0.625
315.0,1684431759374,0.84375
316.0,1684431759541,0.78125
317.0,1684431759707,0.875
318.0,1684431759879,0.875
319.0,1684431760064,0.71875
320.0,1684431760230,0.8125
321.0,1684431760263,0.3333333333333333
322.0,1684431761048,0.625
323.0,1684431761226,0.8125
324.0,1684431761397,0.8125
325.0,1684431761617,0.78125
326.0,1684431761807,0.8125
327.0,1684431762001,0.6875
328.0,1684431762197,0.75
329.0,1684431762386,0.8125
330.0,1684431762564,0.78125
331.0,1684431762795,0.71875
332.0,1684431762974,0.78125
333.0,1684431763220,0.75
334.0,1684431763529,0.75
335.0,1684431763759,0.84375
336.0,1684431763989,0.8125
337.0,1684431764199,0.6875
338.0,1684431764362,0.6875
339.0,1684431764524,0.8125
340.0,1684431764687,0.75
341.0,1684431764869,0.71875
342.0,1684431765045,0.75
343.0,1684431765214,0.90625
344.0,1684431765380,0.9375
345.0,1684431765553,0.75
346.0,1684431765718,0.96875
347.0,1684431765885,0.75
348.0,1684431766058,0.84375
349.0,1684431766226,0.8125
350.0,1684431766416,0.78125
351.0,1684431766584,0.65625
352.0,1684431766762,0.78125
353.0,1684431766946,0.90625
354.0,1684431767112,0.78125
355.0,1684431767285,0.8125
356.0,1684431767431,0.84375
357.0,1684431767565,0.90625
358.0,1684431767697,0.875
359.0,1684431767836,0.84375
360.0,1684431767972,0.84375
361.0,1684431768117,0.78125
362.0,1684431768259,0.84375
363.0,1684431768414,0.75
364.0,1684431768548,0.8125
365.0,1684431768681,0.8125
366.0,1684431768819,0.90625
367.0,1684431768949,0.78125
368.0,1684431769095,0.6875
369.0,1684431769234,0.8125
370.0,1684431769383,0.6875
371.0,1684431769523,0.75
372.0,1684431769665,0.875
373.0,1684431769803,0.78125
374.0,1684431769937,0.84375
375.0,1684431770070,0.90625
376.0,1684431770208,0.875
377.0,1684431770340,0.8125
378.0,1684431770475,0.8125
379.0,1684431770605,0.78125
380.0,1684431770734,0.8125
381.0,1684431770871,0.6875
382.0,1684431771008,0.78125
383.0,1684431771140,0.78125
384.0,1684431771276,0.78125
385.0,1684431771411,0.84375
386.0,1684431771544,0.8125
387.0,1684431771672,0.71875
388.0,1684431771805,0.71875
389.0,1684431771947,0.84375
390.0,1684431772081,0.90625
391.0,1684431772215,0.6875
392.0,1684431772348,0.8125
393.0,1684431772482,0.78125
394.0,1684431772615,0.8125
395.0,1684431772765,0.78125
396.0,1684431772893,0.875
397.0,1684431773028,0.6875
398.0,1684431773159,0.75
399.0,1684431773297,0.90625
400.0,1684431773457,0.8125
401.0,1684431773588,0.875
402.0,1684431773725,0.71875
403.0,1684431773859,0.6875
404.0,1684431773990,0.90625
405.0,1684431774127,0.6875
406.0,1684431774316,0.78125
407.0,1684431774483,0.875
408.0,1684431774640,0.8125
409.0,1684431774805,0.75
410.0,1684431774975,0.9375
411.0,1684431775141,0.78125
412.0,1684431775307,0.75
413.0,1684431775474,0.84375
414.0,1684431775635,0.90625
415.0,1684431775798,0.75
416.0,1684431775961,0.6875
417.0,1684431776119,0.75
418.0,1684431776291,0.71875
419.0,1684431776453,0.875
420.0,1684431776617,0.71875
421.0,1684431776778,0.78125
422.0,1684431776952,0.96875
423.0,1684431777123,0.8125
424.0,1684431777299,0.90625
425.0,1684431777468,0.8125
426.0,1684431777640,0.84375
427.0,1684431777818,0.875
428.0,1684431777986,0.875
429.0,1684431778152,0.8125
430.0,1684431778322,0.78125
431.0,1684431778512,0.78125
432.0,1684431778682,0.75
433.0,1684431778844,0.875
434.0,1684431778981,0.8125
435.0,1684431779115,0.71875
436.0,1684431779258,0.9375
437.0,1684431779393,0.75
438.0,1684431779531,0.84375
439.0,1684431779670,0.6875
440.0,1684431779813,0.875
441.0,1684431779946,0.75
442.0,1684431780083,0.96875
443.0,1684431780219,0.8125
444.0,1684431780350,0.75
445.0,1684431780481,0.84375
446.0,1684431780614,0.90625
447.0,1684431780757,0.8125
448.0,1684431780894,0.78125
449.0,1684431781032,0.71875
450.0,1684431781195,0.71875
451.0,1684431781337,0.90625
452.0,1684431781469,0.84375
453.0,1684431781601,0.96875
454.0,1684431781745,0.875
455.0,1684431781877,0.75
456.0,1684431782010,0.78125
457.0,1684431782142,0.8125
458.0,1684431782287,0.96875
459.0,1684431782419,0.75
460.0,1684431782550,0.8125
461.0,1684431782688,0.90625
462.0,1684431782834,0.6875
463.0,1684431782971,0.71875
464.0,1684431783099,0.75
465.0,1684431783234,0.875
466.0,1684431783374,0.875
467.0,1684431783513,0.6875
468.0,1684431783649,0.84375
469.0,1684431783792,0.96875
470.0,1684431783926,0.875
471.0,1684431784061,0.78125
472.0,1684431784196,0.71875
473.0,1684431784348,0.84375
474.0,1684431784480,0.8125
475.0,1684431784608,0.8125
476.0,1684431784744,0.84375
477.0,1684431784875,0.875
478.0,1684431785010,0.65625
479.0,1684431785144,0.8125
480.0,1684431785279,0.84375
481.0,1684431785407,0.8125
482.0,1684431785438,0.6666666666666666
483.0,1684431785917,0.78125
484.0,1684431786056,0.84375
485.0,1684431786190,0.90625
486.0,1684431786330,0.875
487.0,1684431786467,0.90625
488.0,1684431786609,0.90625
489.0,1684431786742,0.71875
490.0,1684431786887,0.875
491.0,1684431787018,0.75
492.0,1684431787147,0.8125
493.0,1684431787281,0.8125
494.0,1684431787416,0.78125
495.0,1684431787547,0.8125
496.0,1684431787679,0.78125
497.0,1684431787825,0.8125
498.0,1684431787954,0.875
499.0,1684431788089,0.75
500.0,1684431788254,0.8125
501.0,1684431788400,0.875
502.0,1684431788553,0.8125
503.0,1684431788717,0.875
504.0,1684431788888,0.71875
505.0,1684431789078,0.8125
506.0,1684431789246,0.8125
507.0,1684431789407,0.8125
508.0,1684431789567,0.84375
509.0,1684431789730,0.90625
510.0,1684431789903,0.8125
511.0,1684431790064,0.875
512.0,1684431790232,0.6875
513.0,1684431790391,0.71875
514.0,1684431790560,0.6875
515.0,1684431790720,0.71875
516.0,1684431790893,0.9375
517.0,1684431791065,0.78125
518.0,1684431791226,0.71875
519.0,1684431791387,0.8125
520.0,1684431791546,0.75
521.0,1684431791706,0.78125
522.0,1684431791871,0.875
523.0,1684431792060,0.875
524.0,1684431792231,0.78125
525.0,1684431792395,0.78125
526.0,1684431792559,0.78125
527.0,1684431792727,0.78125
528.0,1684431792900,0.875
529.0,1684431793063,0.90625
530.0,1684431793228,0.9375
531.0,1684431793386,0.90625
532.0,1684431793539,0.84375
533.0,1684431793668,0.90625
534.0,1684431793801,0.65625
535.0,1684431793928,0.8125
536.0,1684431794069,0.8125
537.0,1684431794197,0.75
538.0,1684431794325,0.8125
539.0,1684431794455,0.90625
540.0,1684431794588,0.71875
541.0,1684431794723,0.8125
542.0,1684431794865,0.84375
543.0,1684431795006,0.875
544.0,1684431795148,0.8125
545.0,1684431795302,0.71875
546.0,1684431795439,0.78125
547.0,1684431795571,0.8125
548.0,1684431795701,0.8125
549.0,1684431795834,0.8125
550.0,1684431795992,0.71875
551.0,1684431796132,0.78125
552.0,1684431796265,0.8125
553.0,1684431796396,0.84375
554.0,1684431796527,0.8125
555.0,1684431796658,0.875
556.0,1684431796794,0.78125
557.0,1684431796928,0.84375
558.0,1684431797066,0.8125
559.0,1684431797202,0.875
560.0,1684431797338,0.8125
561.0,1684431797467,0.78125
562.0,1684431797596,0.71875
563.0,1684431797735,0.8125
564.0,1684431797878,0.6875
565.0,1684431798008,0.6875
566.0,1684431798147,0.75
567.0,1684431798279,0.84375
568.0,1684431798417,0.6875
569.0,1684431798556,0.78125
570.0,1684431798689,0.71875
571.0,1684431798826,0.84375
572.0,1684431798960,0.8125
573.0,1684431799090,0.65625
574.0,1684431799235,0.875
575.0,1684431799366,0.8125
576.0,1684431799501,0.78125
577.0,1684431799638,0.78125
578.0,1684431799781,0.875
579.0,1684431799920,0.78125
580.0,1684431800054,0.71875
581.0,1684431800193,0.78125
582.0,1684431800325,0.875
583.0,1684431800466,0.6875
584.0,1684431800603,0.84375
585.0,1684431800733,0.875
586.0,1684431800866,0.8125
587.0,1684431800999,0.78125
588.0,1684431801141,0.78125
589.0,1684431801278,0.8125
590.0,1684431801406,0.71875
591.0,1684431801534,0.84375
592.0,1684431801663,0.8125
593.0,1684431801797,0.71875
594.0,1684431801946,0.84375
595.0,1684431802082,0.78125
596.0,1684431802221,0.875
597.0,1684431802357,0.75
598.0,1684431802496,0.84375
599.0,1684431802632,0.71875
600.0,1684431802810,0.875
601.0,1684431802946,0.78125
602.0,1684431803083,0.78125
603.0,1684431803232,0.75
604.0,1684431803363,0.875
605.0,1684431803532,0.78125
606.0,1684431803695,0.71875
607.0,1684431803858,0.71875
608.0,1684431804049,0.90625
609.0,1684431804215,0.75
610.0,1684431804385,0.78125
611.0,1684431804545,0.84375
612.0,1684431804705,0.6875
613.0,1684431804868,0.9375
614.0,1684431805036,0.90625
615.0,1684431805195,0.78125
616.0,1684431805371,0.71875
617.0,1684431805532,0.71875
618.0,1684431805693,0.78125
619.0,1684431805862,0.96875
620.0,1684431806021,0.75
621.0,1684431806182,0.84375
622.0,1684431806356,0.84375
623.0,1684431806536,0.75
624.0,1684431806706,0.78125
625.0,1684431806875,0.78125
626.0,1684431807037,0.84375
627.0,1684431807201,0.75
628.0,1684431807367,0.71875
629.0,1684431807532,0.75
630.0,1684431807696,0.78125
631.0,1684431807866,0.875
632.0,1684431808029,0.8125
633.0,1684431808165,0.875
634.0,1684431808300,0.84375
635.0,1684431808440,0.90625
636.0,1684431808580,0.78125
637.0,1684431808713,0.6875
638.0,1684431808848,0.8125
639.0,1684431808986,0.84375
640.0,1684431809124,0.875
641.0,1684431809259,0.8125
642.0,1684431809397,0.78125
643.0,1684431809425,1.0
644.0,1684431809962,0.71875
645.0,1684431810095,0.9375
646.0,1684431810227,0.8125
647.0,1684431810361,0.8125
648.0,1684431810499,0.875
649.0,1684431810628,0.8125
650.0,1684431810778,0.875
651.0,1684431810913,0.875
652.0,1684431811061,0.84375
653.0,1684431811192,0.84375
654.0,1684431811327,0.8125
655.0,1684431811472,0.8125
656.0,1684431811603,0.8125
657.0,1684431811736,0.6875
658.0,1684431811874,0.8125
659.0,1684431812009,0.8125
660.0,1684431812143,0.84375
661.0,1684431812277,0.75
662.0,1684431812409,0.90625
663.0,1684431812550,0.9375
664.0,1684431812689,0.84375
665.0,1684431812826,0.78125
666.0,1684431812958,0.75
667.0,1684431813092,0.71875
668.0,1684431813224,0.6875
669.0,1684431813374,0.78125
670.0,1684431813512,0.71875
671.0,1684431813657,0.875
672.0,1684431813809,0.78125
673.0,1684431813950,0.8125
674.0,1684431814093,0.78125
675.0,1684431814225,0.78125
676.0,1684431814359,0.8125
677.0,1684431814505,0.75
678.0,1684431814646,0.875
679.0,1684431814782,0.84375
680.0,1684431814917,0.8125
681.0,1684431815053,0.90625
682.0,1684431815188,0.6875
683.0,1684431815325,0.8125
684.0,1684431815470,0.75
685.0,1684431815615,0.9375
686.0,1684431815747,0.8125
687.0,1684431815888,0.9375
688.0,1684431816028,0.78125
689.0,1684431816169,0.90625
690.0,1684431816305,0.9375
691.0,1684431816441,0.84375
692.0,1684431816580,0.78125
693.0,1684431816716,0.78125
694.0,1684431816847,0.84375
695.0,1684431816976,0.8125
696.0,1684431817110,0.75
697.0,1684431817244,0.84375
698.0,1684431817376,0.78125
699.0,1684431817504,0.84375
700.0,1684431817664,0.78125
701.0,1684431817797,0.84375
702.0,1684431817935,0.8125
703.0,1684431818084,0.84375
704.0,1684431818274,0.875
705.0,1684431818453,0.78125
706.0,1684431818649,0.8125
707.0,1684431818820,0.65625
708.0,1684431818987,0.625
709.0,1684431819157,0.84375
710.0,1684431819322,0.78125
711.0,1684431819491,0.8125
712.0,1684431819654,0.8125
713.0,1684431819821,0.8125
714.0,1684431819991,0.78125
715.0,1684431820162,0.65625
716.0,1684431820331,0.71875
717.0,1684431820501,0.78125
718.0,1684431820678,0.8125
719.0,1684431820846,0.8125
720.0,1684431821014,0.75
721.0,1684431821182,0.71875
722.0,1684431821347,0.71875
723.0,1684431821516,0.84375
724.0,1684431821696,0.8125
725.0,1684431821885,0.78125
726.0,1684431822052,0.96875
727.0,1684431822226,0.8125
728.0,1684431822394,0.84375
729.0,1684431822565,0.71875
730.0,1684431822730,0.84375
731.0,1684431822899,0.75
732.0,1684431823042,0.8125
733.0,1684431823178,0.84375
734.0,1684431823314,0.84375
735.0,1684431823446,0.84375
736.0,1684431823576,0.8125
737.0,1684431823719,0.75
738.0,1684431823864,0.78125
739.0,1684431824003,0.625
740.0,1684431824133,0.90625
741.0,1684431824277,0.8125
742.0,1684431824411,0.75
743.0,1684431824542,0.84375
744.0,1684431824681,0.8125
745.0,1684431824815,0.6875
746.0,1684431824947,0.84375
747.0,1684431825079,0.84375
748.0,1684431825212,0.8125
749.0,1684431825342,0.875
750.0,1684431825504,0.78125
751.0,1684431825635,0.84375
752.0,1684431825766,0.6875
753.0,1684431825906,0.875
754.0,1684431826038,0.8125
755.0,1684431826172,0.875
756.0,1684431826306,0.625
757.0,1684431826440,0.875
758.0,1684431826571,0.875
759.0,1684431826707,0.9375
760.0,1684431826856,0.75
761.0,1684431826993,0.875
762.0,1684431827125,0.71875
763.0,1684431827260,0.75
764.0,1684431827405,0.8125
765.0,1684431827541,0.65625
766.0,1684431827675,0.8125
767.0,1684431827810,0.8125
768.0,1684431827954,0.71875
769.0,1684431828082,0.90625
770.0,1684431828214,0.84375
771.0,1684431828348,0.875
772.0,1684431828485,0.84375
773.0,1684431828621,0.71875
774.0,1684431828757,0.84375
775.0,1684431828893,0.75
776.0,1684431829028,0.875
777.0,1684431829161,0.8125
778.0,1684431829294,0.78125
779.0,1684431829427,0.75
780.0,1684431829562,0.8125
781.0,1684431829703,0.84375
782.0,1684431829841,0.6875
783.0,1684431829996,0.90625
784.0,1684431830146,0.84375
785.0,1684431830287,0.78125
786.0,1684431830440,0.78125
787.0,1684431830575,0.90625
788.0,1684431830721,0.875
789.0,1684431830862,0.75
790.0,1684431831003,0.8125
791.0,1684431831132,0.625
792.0,1684431831264,0.84375
793.0,1684431831395,0.84375
794.0,1684431831527,0.78125
795.0,1684431831657,0.84375
796.0,1684431831794,0.75
797.0,1684431831927,0.6875
798.0,1684431832063,0.71875
799.0,1684431832191,0.875
800.0,1684431832342,0.84375
801.0,1684431832482,0.75
802.0,1684431832612,0.84375
803.0,1684431832745,0.6875
804.0,1684431832776,1.0
805.0,1684431833430,0.78125
806.0,1684431833591,0.75
807.0,1684431833784,0.71875
808.0,1684431833950,0.71875
809.0,1684431834136,0.71875
810.0,1684431834319,0.78125
811.0,1684431834492,0.8125
812.0,1684431834655,0.875
813.0,1684431834827,0.84375
814.0,1684431834998,0.84375
815.0,1684431835166,0.8125
816.0,1684431835333,0.65625
817.0,1684431835500,0.8125
818.0,1684431835662,0.6875
819.0,1684431835828,0.78125
820.0,1684431835990,0.84375
821.0,1684431836162,0.84375
822.0,1684431836332,0.875
823.0,1684431836498,0.90625
824.0,1684431836662,0.71875
825.0,1684431836838,0.875
826.0,1684431837010,0.8125
827.0,1684431837177,0.65625
828.0,1684431837343,0.6875
829.0,1684431837508,0.59375
830.0,1684431837667,0.75
831.0,1684431837801,0.6875
832.0,1684431837936,0.875
833.0,1684431838066,0.75
834.0,1684431838212,0.78125
835.0,1684431838345,0.875
836.0,1684431838478,0.75
837.0,1684431838608,0.875
838.0,1684431838744,0.6875
839.0,1684431838881,0.875
840.0,1684431839014,0.84375
841.0,1684431839150,0.8125
842.0,1684431839290,0.84375
843.0,1684431839432,0.75
844.0,1684431839569,0.78125
845.0,1684431839713,0.8125
846.0,1684431839857,0.84375
847.0,1684431839990,0.71875
848.0,1684431840122,0.90625
849.0,1684431840276,0.84375
850.0,1684431840439,0.84375
851.0,1684431840575,0.875
852.0,1684431840717,0.875
853.0,1684431840856,0.875
854.0,1684431840986,0.8125
855.0,1684431841115,0.75
856.0,1684431841249,0.75
857.0,1684431841382,0.78125
858.0,1684431841515,0.875
859.0,1684431841644,0.78125
860.0,1684431841777,0.71875
861.0,1684431841905,0.875
862.0,1684431842042,0.84375
863.0,1684431842170,0.71875
864.0,1684431842308,0.875
865.0,1684431842445,0.8125
866.0,1684431842586,0.84375
867.0,1684431842721,0.9375
868.0,1684431842855,0.875
869.0,1684431842987,0.75
870.0,1684431843117,0.78125
871.0,1684431843251,0.75
872.0,1684431843385,0.6875
873.0,1684431843513,0.875
874.0,1684431843642,0.875
875.0,1684431843783,0.875
876.0,1684431843919,0.71875
877.0,1684431844049,0.78125
878.0,1684431844183,0.78125
879.0,1684431844314,0.90625
880.0,1684431844444,0.875
881.0,1684431844581,0.84375
882.0,1684431844714,0.71875
883.0,1684431844848,0.78125
884.0,1684431844978,0.9375
885.0,1684431845120,0.875
886.0,1684431845249,0.75
887.0,1684431845389,0.84375
888.0,1684431845522,0.8125
889.0,1684431845650,0.8125
890.0,1684431845777,0.8125
891.0,1684431845921,0.53125
892.0,1684431846054,0.71875
893.0,1684431846183,0.90625
894.0,1684431846316,0.9375
895.0,1684431846453,0.75
896.0,1684431846584,0.75
897.0,1684431846718,0.90625
898.0,1684431846851,0.71875
899.0,1684431846985,0.84375
900.0,1684431847148,0.75
901.0,1684431847281,0.84375
902.0,1684431847415,0.78125
903.0,1684431847545,0.875
904.0,1684431847687,0.84375
905.0,1684431847868,0.8125
906.0,1684431848027,0.78125
907.0,1684431848193,0.71875
908.0,1684431848353,0.875
909.0,1684431848519,0.875
910.0,1684431848677,0.9375
911.0,1684431848852,0.875
912.0,1684431849019,0.875
913.0,1684431849179,0.875
914.0,1684431849340,0.875
915.0,1684431849504,0.75
916.0,1684431849664,0.78125
917.0,1684431849838,0.78125
918.0,1684431850010,0.75
919.0,1684431850172,0.65625
920.0,1684431850338,0.90625
921.0,1684431850501,0.84375
922.0,1684431850668,0.84375
923.0,1684431850837,0.78125
924.0,1684431850999,0.65625
925.0,1684431851176,0.90625
926.0,1684431851342,0.71875
927.0,1684431851506,0.84375
928.0,1684431851675,0.75
929.0,1684431851842,0.75
930.0,1684431852013,0.875
931.0,1684431852180,0.90625
932.0,1684431852329,0.75
933.0,1684431852457,0.84375
934.0,1684431852598,0.65625
935.0,1684431852729,0.875
936.0,1684431852866,0.75
937.0,1684431853000,0.90625
938.0,1684431853131,0.84375
939.0,1684431853261,0.84375
940.0,1684431853395,0.75
941.0,1684431853525,0.96875
942.0,1684431853660,0.6875
943.0,1684431853794,0.8125
944.0,1684431853937,0.90625
945.0,1684431854081,0.90625
946.0,1684431854219,0.75
947.0,1684431854351,0.84375
948.0,1684431854484,0.8125
949.0,1684431854630,0.65625
950.0,1684431854788,0.96875
951.0,1684431854924,0.75
952.0,1684431855063,0.75
953.0,1684431855196,0.90625
954.0,1684431855335,0.875
955.0,1684431855483,0.71875
956.0,1684431855616,0.6875
957.0,1684431855759,0.78125
958.0,1684431855898,0.78125
959.0,1684431856032,0.90625
960.0,1684431856164,0.6875
961.0,1684431856295,0.78125
962.0,1684431856428,0.8125
963.0,1684431856561,0.84375
964.0,1684431856708,0.71875
965.0,1684431856736,0.3333333333333333
966.0,1684431857214,0.90625
967.0,1684431857345,0.75
968.0,1684431857477,0.90625
969.0,1684431857611,0.84375
970.0,1684431857751,0.875
971.0,1684431857892,0.84375
972.0,1684431858030,0.875
973.0,1684431858169,0.75
974.0,1684431858310,0.75
975.0,1684431858441,0.71875
976.0,1684431858573,0.71875
977.0,1684431858721,0.90625
978.0,1684431858877,0.71875
979.0,1684431859019,0.625
980.0,1684431859158,0.65625
981.0,1684431859288,0.8125
982.0,1684431859419,0.71875
983.0,1684431859550,0.75
984.0,1684431859681,0.625
985.0,1684431859824,0.90625
986.0,1684431859969,0.78125
987.0,1684431860106,0.84375
988.0,1684431860247,0.84375
989.0,1684431860379,0.8125
990.0,1684431860516,0.78125
991.0,1684431860661,0.875
992.0,1684431860803,0.90625
993.0,1684431860944,0.8125
994.0,1684431861080,0.875
995.0,1684431861226,0.8125
996.0,1684431861364,0.75
997.0,1684431861499,0.78125
998.0,1684431861634,0.71875
999.0,1684431861779,0.84375
1000.0,1684431861933,0.65625
1001.0,1684431862062,0.84375
1002.0,1684431862194,0.90625
1003.0,1684431862348,0.78125
1004.0,1684431862510,0.6875
1005.0,1684431862678,0.84375
1006.0,1684431862855,0.875
1007.0,1684431863023,0.875
1008.0,1684431863185,0.8125
1009.0,1684431863348,0.8125
1010.0,1684431863509,0.84375
1011.0,1684431863678,0.875
1012.0,1684431863852,0.84375
1013.0,1684431864026,0.71875
1014.0,1684431864187,0.71875
1015.0,1684431864360,0.8125
1016.0,1684431864523,0.90625
1017.0,1684431864686,0.84375
1018.0,1684431864856,0.8125
1019.0,1684431865017,0.75
1020.0,1684431865177,0.59375
1021.0,1684431865358,0.875
1022.0,1684431865523,0.84375
1023.0,1684431865690,0.8125
1024.0,1684431865855,0.84375
1025.0,1684431866030,0.8125
1026.0,1684431866206,0.75
1027.0,1684431866368,0.78125
1028.0,1684431866532,0.84375
1029.0,1684431866698,0.84375
1030.0,1684431866866,0.8125
1031.0,1684431867029,0.90625
1032.0,1684431867163,0.71875
1033.0,1684431867301,0.78125
1034.0,1684431867440,0.78125
1035.0,1684431867571,0.75
1036.0,1684431867705,0.8125
1037.0,1684431867851,0.875
1038.0,1684431867990,0.78125
1039.0,1684431868122,0.8125
1040.0,1684431868260,0.75
1041.0,1684431868398,0.875
1042.0,1684431868538,0.84375
1043.0,1684431868669,0.8125
1044.0,1684431868797,0.78125
1045.0,1684431868937,0.84375
1046.0,1684431869084,0.84375
1047.0,1684431869216,0.8125
1048.0,1684431869345,0.8125
1049.0,1684431869478,0.90625
1050.0,1684431869633,0.90625
1051.0,1684431869768,0.6875
1052.0,1684431869907,0.6875
1053.0,1684431870042,0.8125
1054.0,1684431870171,0.78125
1055.0,1684431870299,0.5625
1056.0,1684431870433,0.75
1057.0,1684431870567,0.875
1058.0,1684431870697,0.84375
1059.0,1684431870829,0.71875
1060.0,1684431870959,0.78125
1061.0,1684431871099,0.78125
1062.0,1684431871231,0.8125
1063.0,1684431871361,0.8125
1064.0,1684431871492,0.78125
1065.0,1684431871631,0.75
1066.0,1684431871765,0.875
1067.0,1684431871907,0.90625
1068.0,1684431872045,0.78125
1069.0,1684431872181,0.8125
1070.0,1684431872320,0.65625
1071.0,1684431872451,0.8125
1072.0,1684431872581,0.9375
1073.0,1684431872713,0.78125
1074.0,1684431872848,0.9375
1075.0,1684431872983,0.875
1076.0,1684431873118,0.84375
1077.0,1684431873251,0.6875
1078.0,1684431873380,0.84375
1079.0,1684431873511,0.65625
1080.0,1684431873641,0.84375
1081.0,1684431873776,0.6875
1082.0,1684431873916,0.84375
1083.0,1684431874046,0.8125
1084.0,1684431874185,0.84375
1085.0,1684431874316,0.84375
1086.0,1684431874453,0.84375
1087.0,1684431874588,0.75
1088.0,1684431874719,0.6875
1089.0,1684431874851,0.8125
1090.0,1684431874977,0.75
1091.0,1684431875117,0.78125
1092.0,1684431875250,0.8125
1093.0,1684431875383,0.84375
1094.0,1684431875514,0.84375
1095.0,1684431875645,0.8125
1096.0,1684431875785,0.90625
1097.0,1684431875922,0.78125
1098.0,1684431876051,0.84375
1099.0,1684431876186,0.84375
1100.0,1684431876348,0.6875
1101.0,1684431876486,0.9375
1102.0,1684431876617,0.75
1103.0,1684431876749,0.8125
1104.0,1684431876884,0.75
1105.0,1684431877029,0.875
1106.0,1684431877216,0.78125
1107.0,1684431877375,0.78125
1108.0,1684431877540,0.78125
1109.0,1684431877702,0.8125
1110.0,1684431877864,0.8125
1111.0,1684431878029,0.8125
1112.0,1684431878199,0.71875
1113.0,1684431878368,0.6875
1114.0,1684431878543,0.8125
1115.0,1684431878710,0.78125
1116.0,1684431878875,0.90625
1117.0,1684431879070,0.90625
1118.0,1684431879248,0.84375
1119.0,1684431879415,0.84375
1120.0,1684431879579,0.78125
1121.0,1684431879751,0.84375
1122.0,1684431879921,0.84375
1123.0,1684431880094,0.875
1124.0,1684431880264,0.78125
1125.0,1684431880429,0.90625
1126.0,1684431880461,0.6666666666666666
1127.0,1684431881184,0.78125
1128.0,1684431881353,0.875
1129.0,1684431881523,0.875
1130.0,1684431881688,0.6875
1131.0,1684431881829,0.875
1132.0,1684431881961,0.84375
1133.0,1684431882095,0.75
1134.0,1684431882231,0.75
1135.0,1684431882370,0.71875
1136.0,1684431882501,0.875
1137.0,1684431882632,0.8125
1138.0,1684431882766,0.84375
1139.0,1684431882905,0.90625
1140.0,1684431883036,0.90625
1141.0,1684431883173,0.71875
1142.0,1684431883307,0.84375
1143.0,1684431883444,0.75
1144.0,1684431883582,0.6875
1145.0,1684431883721,0.59375
1146.0,1684431883864,0.8125
1147.0,1684431884009,0.8125
1148.0,1684431884140,0.8125
1149.0,1684431884281,0.75
1150.0,1684431884437,0.8125
1151.0,1684431884567,0.84375
1152.0,1684431884699,0.71875
1153.0,1684431884833,0.71875
1154.0,1684431884964,0.75
1155.0,1684431885102,0.65625
1156.0,1684431885234,0.6875
1157.0,1684431885366,0.6875
1158.0,1684431885500,0.875
1159.0,1684431885628,0.84375
1160.0,1684431885765,0.78125
1161.0,1684431885896,0.8125
1162.0,1684431886026,0.75
1163.0,1684431886163,0.78125
1164.0,1684431886292,0.84375
1165.0,1684431886423,0.84375
1166.0,1684431886556,0.78125
1167.0,1684431886698,0.71875
1168.0,1684431886834,0.875
1169.0,1684431886961,0.8125
1170.0,1684431887089,0.75
1171.0,1684431887216,0.84375
1172.0,1684431887343,0.8125
1173.0,1684431887480,0.78125
1174.0,1684431887610,0.90625
1175.0,1684431887747,0.96875
1176.0,1684431887887,0.90625
1177.0,1684431888017,0.75
1178.0,1684431888146,0.8125
1179.0,1684431888289,0.78125
1180.0,1684431888423,0.875
1181.0,1684431888558,0.8125
1182.0,1684431888689,0.875
1183.0,1684431888821,0.75
1184.0,1684431888963,0.84375
1185.0,1684431889104,0.65625
1186.0,1684431889238,0.8125
1187.0,1684431889375,0.875
1188.0,1684431889515,0.8125
1189.0,1684431889652,0.78125
1190.0,1684431889787,0.90625
1191.0,1684431889921,0.875
1192.0,1684431890051,0.6875
1193.0,1684431890180,0.78125
1194.0,1684431890323,0.8125
1195.0,1684431890467,0.75
1196.0,1684431890600,0.6875
1197.0,1684431890734,0.78125
1198.0,1684431890874,0.78125
1199.0,1684431891021,0.90625
1200.0,1684431891180,0.875
1201.0,1684431891322,0.9375
1202.0,1684431891461,0.8125
1203.0,1684431891597,0.84375
1204.0,1684431891729,0.78125
1205.0,1684431891907,0.84375
1206.0,1684431892076,0.78125
1207.0,1684431892249,0.84375
1208.0,1684431892409,0.75
1209.0,1684431892575,0.78125
1210.0,1684431892737,0.875
1211.0,1684431892909,0.65625
1212.0,1684431893072,0.84375
1213.0,1684431893236,0.6875
1214.0,1684431893415,0.8125
1215.0,1684431893582,0.71875
1216.0,1684431893744,0.78125
1217.0,1684431893904,0.78125
1218.0,1684431894072,0.78125
1219.0,1684431894244,0.875
1220.0,1684431894408,0.6875
1221.0,1684431894575,0.84375
1222.0,1684431894760,0.875
1223.0,1684431894922,0.71875
1224.0,1684431895090,0.875
1225.0,1684431895265,0.8125
1226.0,1684431895426,0.875
1227.0,1684431895600,0.75
1228.0,1684431895765,0.8125
1229.0,1684431895933,0.90625
1230.0,1684431896098,0.875
1231.0,1684431896262,0.71875
1232.0,1684431896424,0.78125
1233.0,1684431896564,0.8125
1234.0,1684431896702,0.75
1235.0,1684431896846,0.71875
1236.0,1684431896974,0.84375
1237.0,1684431897115,0.90625
1238.0,1684431897247,0.84375
1239.0,1684431897376,0.78125
1240.0,1684431897510,0.90625
1241.0,1684431897639,0.90625
1242.0,1684431897774,0.78125
1243.0,1684431897901,0.71875
1244.0,1684431898033,0.8125
1245.0,1684431898164,0.875
1246.0,1684431898294,0.71875
1247.0,1684431898431,0.84375
1248.0,1684431898558,0.84375
1249.0,1684431898687,0.84375
1250.0,1684431898850,0.90625
1251.0,1684431898982,0.8125
1252.0,1684431899115,0.75
1253.0,1684431899258,0.8125
1254.0,1684431899386,0.875
1255.0,1684431899521,0.9375
1256.0,1684431899649,0.6875
1257.0,1684431899791,0.90625
1258.0,1684431899922,0.8125
1259.0,1684431900064,0.875
1260.0,1684431900195,0.84375
1261.0,1684431900328,0.90625
1262.0,1684431900459,0.6875
1263.0,1684431900589,0.90625
1264.0,1684431900718,0.65625
1265.0,1684431900858,0.9375
1266.0,1684431901001,0.8125
1267.0,1684431901140,0.71875
1268.0,1684431901270,0.8125
1269.0,1684431901399,0.90625
1270.0,1684431901532,0.75
1271.0,1684431901684,0.84375
1272.0,1684431901819,0.75
1273.0,1684431901962,0.875
1274.0,1684431902092,0.84375
1275.0,1684431902224,0.75
1276.0,1684431902352,0.75
1277.0,1684431902483,0.8125
1278.0,1684431902614,0.78125
1279.0,1684431902746,0.78125
1280.0,1684431902890,0.8125
1281.0,1684431903023,0.71875
1282.0,1684431903154,0.65625
1283.0,1684431903288,0.84375
1284.0,1684431903420,0.84375
1285.0,1684431903552,0.84375
1286.0,1684431903690,0.71875
1287.0,1684431903717,0.6666666666666666
1288.0,1684431904221,0.625
1289.0,1684431904368,0.84375
1290.0,1684431904520,0.875
1291.0,1684431904648,0.75
1292.0,1684431904777,1.0
1293.0,1684431904924,0.875
1294.0,1684431905051,0.875
1295.0,1684431905181,0.71875
1296.0,1684431905309,0.875
1297.0,1684431905437,0.78125
1298.0,1684431905564,0.78125
1299.0,1684431905693,0.84375
1300.0,1684431905848,0.59375
1301.0,1684431905989,0.75
1302.0,1684431906121,0.84375
1303.0,1684431906258,0.75
1304.0,1684431906386,0.6875
1305.0,1684431906553,0.8125
1306.0,1684431906728,0.71875
1307.0,1684431906925,0.84375
1308.0,1684431907101,0.84375
1309.0,1684431907273,0.78125
1310.0,1684431907437,0.875
1311.0,1684431907606,0.78125
1312.0,1684431907771,0.84375
1313.0,1684431907938,0.78125
1314.0,1684431908112,0.8125
1315.0,1684431908272,0.90625
1316.0,1684431908440,0.84375
1317.0,1684431908609,0.78125
1318.0,1684431908770,0.71875
1319.0,1684431908935,0.9375
1320.0,1684431909120,0.84375
1321.0,1684431909310,0.84375
1322.0,1684431909473,0.84375
1323.0,1684431909639,0.78125
1324.0,1684431909798,0.78125
1325.0,1684431909962,0.75
1326.0,1684431910134,0.75
1327.0,1684431910299,0.875
1328.0,1684431910473,0.78125
1329.0,1684431910635,0.75
1330.0,1684431910798,0.875
1331.0,1684431910966,0.9375
1332.0,1684431911118,0.875
1333.0,1684431911259,0.71875
1334.0,1684431911388,0.9375
1335.0,1684431911521,0.75
1336.0,1684431911648,0.875
1337.0,1684431911779,0.71875
1338.0,1684431911913,0.78125
1339.0,1684431912045,0.65625
1340.0,1684431912184,0.8125
1341.0,1684431912317,0.8125
1342.0,1684431912447,0.84375
1343.0,1684431912578,0.71875
1344.0,1684431912707,0.78125
1345.0,1684431912838,0.875
1346.0,1684431912975,0.8125
1347.0,1684431913106,0.8125
1348.0,1684431913255,0.65625
1349.0,1684431913386,0.8125
1350.0,1684431913539,0.90625
1351.0,1684431913668,0.84375
1352.0,1684431913805,0.78125
1353.0,1684431913936,0.84375
1354.0,1684431914068,0.78125
1355.0,1684431914213,0.84375
1356.0,1684431914345,0.90625
1357.0,1684431914476,0.875
1358.0,1684431914606,0.84375
1359.0,1684431914736,0.78125
1360.0,1684431914872,0.84375
1361.0,1684431915003,0.71875
1362.0,1684431915134,0.90625
1363.0,1684431915274,0.84375
1364.0,1684431915409,0.8125
1365.0,1684431915554,0.78125
1366.0,1684431915684,0.8125
1367.0,1684431915818,0.8125
1368.0,1684431915969,0.84375
1369.0,1684431916109,0.90625
1370.0,1684431916250,0.84375
1371.0,1684431916385,0.71875
1372.0,1684431916525,0.75
1373.0,1684431916655,0.75
1374.0,1684431916787,0.9375
1375.0,1684431916924,0.78125
1376.0,1684431917057,0.78125
1377.0,1684431917187,0.8125
1378.0,1684431917333,0.71875
1379.0,1684431917465,0.75
1380.0,1684431917601,0.78125
1381.0,1684431917732,0.875
1382.0,1684431917867,0.78125
1383.0,1684431917997,0.78125
1384.0,1684431918132,0.78125
1385.0,1684431918273,0.625
1386.0,1684431918411,0.78125
1387.0,1684431918542,0.8125
1388.0,1684431918677,0.71875
1389.0,1684431918806,0.90625
1390.0,1684431918936,0.84375
1391.0,1684431919072,0.84375
1392.0,1684431919210,0.78125
1393.0,1684431919354,0.65625
1394.0,1684431919483,0.875
1395.0,1684431919614,0.8125
1396.0,1684431919743,0.6875
1397.0,1684431919872,0.8125
1398.0,1684431920013,0.90625
1399.0,1684431920148,0.84375
1400.0,1684431920309,0.875
1401.0,1684431920449,0.875
1402.0,1684431920580,0.78125
1403.0,1684431920716,0.78125
1404.0,1684431920849,0.78125
1405.0,1684431920982,0.84375
1406.0,1684431921130,0.875
1407.0,1684431921309,0.84375
1408.0,1684431921487,0.75
1409.0,1684431921650,0.71875
1410.0,1684431921812,0.8125
1411.0,1684431921976,0.875
1412.0,1684431922147,0.78125
1413.0,1684431922312,0.6875
1414.0,1684431922491,0.875
1415.0,1684431922656,0.84375
1416.0,1684431922823,0.875
1417.0,1684431922992,0.75
1418.0,1684431923155,0.9375
1419.0,1684431923316,0.46875
1420.0,1684431923482,0.875
1421.0,1684431923640,0.78125
1422.0,1684431923798,0.875
1423.0,1684431923962,0.78125
1424.0,1684431924123,0.9375
1425.0,1684431924295,0.8125
1426.0,1684431924461,0.8125
1427.0,1684431924627,0.8125
1428.0,1684431924801,0.78125
1429.0,1684431924967,0.75
1430.0,1684431925131,0.84375
1431.0,1684431925297,0.71875
1432.0,1684431925467,0.625
1433.0,1684431925642,0.84375
1434.0,1684431925803,0.8125
1435.0,1684431925936,0.84375
1436.0,1684431926071,0.6875
1437.0,1684431926204,0.84375
1438.0,1684431926336,0.8125
1439.0,1684431926470,0.8125
1440.0,1684431926603,0.8125
1441.0,1684431926736,0.8125
1442.0,1684431926871,0.78125
1443.0,1684431927008,0.8125
1444.0,1684431927146,0.84375
1445.0,1684431927282,0.78125
1446.0,1684431927417,0.75
1447.0,1684431927554,0.75
1448.0,1684431927581,0.6666666666666666
1449.0,1684431928112,0.84375
1450.0,1684431928266,0.84375
1451.0,1684431928397,0.78125
1452.0,1684431928532,0.875
1453.0,1684431928660,0.78125
1454.0,1684431928791,0.59375
1455.0,1684431928929,0.78125
1456.0,1684431929064,0.78125
1457.0,1684431929209,0.84375
1458.0,1684431929590,0.71875
1459.0,1684431929728,0.90625
1460.0,1684431929867,0.84375
1461.0,1684431930005,0.84375
1462.0,1684431930135,0.8125
1463.0,1684431930266,0.8125
1464.0,1684431930400,0.8125
1465.0,1684431930531,0.71875
1466.0,1684431930667,0.78125
1467.0,1684431930807,0.75
1468.0,1684431930943,0.8125
1469.0,1684431931081,0.75
1470.0,1684431931216,0.8125
1471.0,1684431931354,0.8125
1472.0,1684431931493,0.8125
1473.0,1684431931627,0.84375
1474.0,1684431931766,0.71875
1475.0,1684431931895,0.75
1476.0,1684431932041,0.71875
1477.0,1684431932171,0.84375
1478.0,1684431932312,0.78125
1479.0,1684431932442,0.75
1480.0,1684431932570,0.75
1481.0,1684431932706,0.84375
1482.0,1684431932839,0.84375
1483.0,1684431932979,0.75
1484.0,1684431933109,0.71875
1485.0,1684431933241,0.75
1486.0,1684431933374,0.78125
1487.0,1684431933506,0.78125
1488.0,1684431933647,0.96875
1489.0,1684431933786,0.84375
1490.0,1684431933923,0.8125
1491.0,1684431934054,0.84375
1492.0,1684431934189,0.84375
1493.0,1684431934327,0.75
1494.0,1684431934457,0.5625
1495.0,1684431934592,0.875
1496.0,1684431934750,0.71875
1497.0,1684431934878,0.78125
1498.0,1684431935018,0.90625
1499.0,1684431935152,0.875
1500.0,1684431935307,0.84375
1501.0,1684431935439,0.75
1502.0,1684431935567,0.75
1503.0,1684431935704,0.75
1504.0,1684431935848,0.71875
1505.0,1684431936026,0.78125
1506.0,1684431936192,0.84375
1507.0,1684431936363,0.75
1508.0,1684431936536,0.8125
1509.0,1684431936722,0.90625
1510.0,1684431936887,0.8125
1511.0,1684431937054,0.75
1512.0,1684431937216,0.84375
1513.0,1684431937376,0.78125
1514.0,1684431937537,0.71875
1515.0,1684431937698,0.78125
1516.0,1684431937864,0.84375
1517.0,1684431938026,0.90625
1518.0,1684431938202,0.71875
1519.0,1684431938370,0.75
1520.0,1684431938537,0.8125
1521.0,1684431938698,0.84375
1522.0,1684431938872,0.75
1523.0,1684431939042,0.78125
1524.0,1684431939204,0.8125
1525.0,1684431939370,0.71875
1526.0,1684431939535,0.78125
1527.0,1684431939703,0.84375
1528.0,1684431939877,0.84375
1529.0,1684431940056,0.84375
1530.0,1684431940224,0.90625
1531.0,1684431940385,0.84375
1532.0,1684431940543,0.8125
1533.0,1684431940684,0.875
1534.0,1684431940830,0.90625
1535.0,1684431940961,0.75
1536.0,1684431941106,0.75
1537.0,1684431941252,0.71875
1538.0,1684431941382,0.875
1539.0,1684431941513,0.78125
1540.0,1684431941643,0.75
1541.0,1684431941775,0.71875
1542.0,1684431941911,0.84375
1543.0,1684431942049,0.90625
1544.0,1684431942183,0.875
1545.0,1684431942322,0.84375
1546.0,1684431942463,0.78125
1547.0,1684431942599,0.75
1548.0,1684431942731,0.78125
1549.0,1684431942883,0.90625
1550.0,1684431943040,0.84375
1551.0,1684431943173,0.9375
1552.0,1684431943313,0.90625
1553.0,1684431943463,0.84375
1554.0,1684431943595,0.90625
1555.0,1684431943727,0.90625
1556.0,1684431943862,0.78125
1557.0,1684431944002,0.78125
1558.0,1684431944136,0.75
1559.0,1684431944268,0.90625
1560.0,1684431944401,0.84375
1561.0,1684431944545,0.78125
1562.0,1684431944681,0.8125
1563.0,1684431944820,0.8125
1564.0,1684431944962,0.75
1565.0,1684431945100,0.78125
1566.0,1684431945244,0.8125
1567.0,1684431945380,0.8125
1568.0,1684431945533,0.84375
1569.0,1684431945678,0.75
1570.0,1684431945819,0.71875
1571.0,1684431945960,0.90625
1572.0,1684431946112,0.84375
1573.0,1684431946249,0.875
1574.0,1684431946393,0.6875
1575.0,1684431946532,0.78125
1576.0,1684431946666,0.75
1577.0,1684431946805,0.8125
1578.0,1684431946944,0.78125
1579.0,1684431947091,0.6875
1580.0,1684431947226,0.8125
1581.0,1684431947359,0.8125
1582.0,1684431947493,0.875
1583.0,1684431947626,0.65625
1584.0,1684431947758,0.84375
1585.0,1684431947890,0.8125
1586.0,1684431948030,0.71875
1587.0,1684431948161,0.71875
1588.0,1684431948310,0.78125
1589.0,1684431948464,0.96875
1590.0,1684431948607,0.78125
1591.0,1684431948741,0.8125
1592.0,1684431948882,0.8125
1593.0,1684431949030,0.875
1594.0,1684431949160,0.84375
1595.0,1684431949296,0.84375
1596.0,1684431949432,0.6875
1597.0,1684431949566,0.875
1598.0,1684431949701,0.8125
1599.0,1684431949846,0.8125
1600.0,1684431950015,0.84375
1601.0,1684431950150,0.78125
1602.0,1684431950284,0.90625
1603.0,1684431950413,0.8125
1604.0,1684431950575,0.78125
1605.0,1684431950740,0.8125
1606.0,1684431950904,0.78125
1607.0,1684431951092,0.8125
1608.0,1684431951260,0.8125
1609.0,1684431951296,1.0
1610.0,1684431951994,0.75
1611.0,1684431952177,0.84375
1612.0,1684431952355,0.9375
1613.0,1684431952537,0.8125
1614.0,1684431952705,0.71875
1615.0,1684431952873,0.71875
1616.0,1684431953033,0.8125
1617.0,1684431953210,0.71875
1618.0,1684431953387,0.71875
1619.0,1684431953558,0.9375
1620.0,1684431953721,0.84375
1621.0,1684431953888,0.90625
1622.0,1684431954058,0.78125
1623.0,1684431954226,0.71875
1624.0,1684431954388,0.8125
1625.0,1684431954549,0.75
1626.0,1684431954712,0.8125
1627.0,1684431954890,0.78125
1628.0,1684431955060,0.78125
1629.0,1684431955228,0.875
1630.0,1684431955362,0.65625
1631.0,1684431955495,0.8125
1632.0,1684431955623,0.90625
1633.0,1684431955753,0.84375
1634.0,1684431955886,0.9375
1635.0,1684431956015,0.75
1636.0,1684431956146,0.84375
1637.0,1684431956281,0.84375
1638.0,1684431956410,0.625
1639.0,1684431956546,0.8125
1640.0,1684431956682,0.875
1641.0,1684431956815,0.8125
1642.0,1684431956954,0.84375
1643.0,1684431957090,0.84375
1644.0,1684431957223,0.84375
1645.0,1684431957363,0.75
1646.0,1684431957494,0.78125
1647.0,1684431957624,0.875
1648.0,1684431957753,0.84375
1649.0,1684431957888,0.84375
1650.0,1684431958044,0.78125
1651.0,1684431958173,0.75
1652.0,1684431958312,0.875
1653.0,1684431958443,0.84375
1654.0,1684431958572,0.84375
1655.0,1684431958701,0.84375
1656.0,1684431958836,0.8125
1657.0,1684431958975,0.8125
1658.0,1684431959105,0.8125
1659.0,1684431959237,0.75
1660.0,1684431959376,0.90625
1661.0,1684431959512,0.8125
1662.0,1684431959644,0.875
1663.0,1684431959795,0.8125
1664.0,1684431959927,0.75
1665.0,1684431960064,0.90625
1666.0,1684431960196,0.875
1667.0,1684431960355,0.75
1668.0,1684431960483,0.84375
1669.0,1684431960612,0.75
1670.0,1684431960749,0.9375
1671.0,1684431960880,0.78125
1672.0,1684431961012,0.84375
1673.0,1684431961139,0.78125
1674.0,1684431961271,0.84375
1675.0,1684431961407,0.875
1676.0,1684431961547,0.90625
1677.0,1684431961678,0.84375
1678.0,1684431961817,0.71875
1679.0,1684431961950,0.78125
1680.0,1684431962087,0.71875
1681.0,1684431962220,0.625
1682.0,1684431962354,0.8125
1683.0,1684431962483,0.8125
1684.0,1684431962610,0.84375
1685.0,1684431962738,0.9375
1686.0,1684431962873,0.78125
1687.0,1684431963003,0.75
1688.0,1684431963141,0.8125
1689.0,1684431963274,0.90625
1690.0,1684431963422,0.90625
1691.0,1684431963557,0.71875
1692.0,1684431963692,0.90625
1693.0,1684431963823,0.78125
1694.0,1684431963959,0.8125
1695.0,1684431964091,0.78125
1696.0,1684431964229,0.8125
1697.0,1684431964376,0.78125
1698.0,1684431964504,0.90625
1699.0,1684431964631,0.8125
1700.0,1684431964794,0.875
1701.0,1684431964932,0.78125
1702.0,1684431965060,0.78125
1703.0,1684431965189,0.78125
1704.0,1684431965347,0.84375
1705.0,1684431965512,0.8125
1706.0,1684431965675,0.8125
1707.0,1684431965842,0.78125
1708.0,1684431966000,0.78125
1709.0,1684431966162,0.90625
1710.0,1684431966336,0.65625
1711.0,1684431966497,0.71875
1712.0,1684431966657,0.75
1713.0,1684431966818,0.625
1714.0,1684431966984,0.875
1715.0,1684431967143,0.71875
1716.0,1684431967301,0.8125
1717.0,1684431967459,0.75
1718.0,1684431967617,0.90625
1719.0,1684431967777,0.78125
1720.0,1684431967941,0.78125
1721.0,1684431968100,0.6875
1722.0,1684431968263,0.75
1723.0,1684431968428,0.875
1724.0,1684431968590,0.84375
1725.0,1684431968753,0.625
1726.0,1684431968915,0.71875
1727.0,1684431969074,0.84375
1728.0,1684431969240,0.90625
1729.0,1684431969408,0.78125
1730.0,1684431969576,0.78125
1731.0,1684431969736,0.71875
1732.0,1684431969873,0.75
1733.0,1684431970006,0.8125
1734.0,1684431970138,0.8125
1735.0,1684431970277,0.78125
1736.0,1684431970412,0.875
1737.0,1684431970550,0.75
1738.0,1684431970687,0.84375
1739.0,1684431970828,0.71875
1740.0,1684431970962,0.8125
1741.0,1684431971090,0.71875
1742.0,1684431971230,0.78125
1743.0,1684431971358,0.71875
1744.0,1684431971486,0.8125
1745.0,1684431971619,0.8125
1746.0,1684431971754,0.8125
1747.0,1684431971885,0.78125
1748.0,1684431972016,0.71875
1749.0,1684431972145,0.65625
1750.0,1684431972297,0.78125
1751.0,1684431972424,0.75
1752.0,1684431972552,0.9375
1753.0,1684431972684,0.875
1754.0,1684431972826,0.84375
1755.0,1684431972955,0.875
1756.0,1684431973087,0.8125
1757.0,1684431973215,0.78125
1758.0,1684431973353,0.875
1759.0,1684431973482,0.9375
1760.0,1684431973616,0.8125
1761.0,1684431973746,0.75
1762.0,1684431973879,0.71875
1763.0,1684431974009,0.8125
1764.0,1684431974135,0.75
1765.0,1684431974272,0.84375
1766.0,1684431974401,0.71875
1767.0,1684431974536,0.6875
1768.0,1684431974674,0.875
1769.0,1684431974814,0.875
1770.0,1684431974851,1.0
1771.0,1684431975318,0.8125
1772.0,1684431975473,0.75
1773.0,1684431975623,0.5625
1774.0,1684431975784,0.875
1775.0,1684431975915,0.75
1776.0,1684431976054,0.78125
1777.0,1684431976192,0.8125
1778.0,1684431976324,0.90625
1779.0,1684431976461,0.90625
1780.0,1684431976594,0.84375
1781.0,1684431976731,0.78125
1782.0,1684431976862,0.8125
1783.0,1684431976993,0.84375
1784.0,1684431977124,0.875
1785.0,1684431977254,0.8125
1786.0,1684431977382,0.875
1787.0,1684431977511,0.84375
1788.0,1684431977647,0.875
1789.0,1684431977781,0.875
1790.0,1684431977914,0.875
1791.0,1684431978051,0.75
1792.0,1684431978181,0.84375
1793.0,1684431978313,0.71875
1794.0,1684431978443,0.78125
1795.0,1684431978582,0.625
1796.0,1684431978718,0.90625
1797.0,1684431978852,0.75
1798.0,1684431978995,0.71875
1799.0,1684431979134,0.875
1800.0,1684431979287,0.78125
1801.0,1684431979418,0.9375
1802.0,1684431979548,0.84375
1803.0,1684431979679,0.71875
1804.0,1684431979866,0.6875
1805.0,1684431980060,0.84375
1806.0,1684431980221,0.90625
1807.0,1684431980381,0.875
1808.0,1684431980549,0.78125
1809.0,1684431980709,0.71875
1810.0,1684431980893,1.0
1811.0,1684431981077,0.875
1812.0,1684431981251,0.8125
1813.0,1684431981417,0.65625
1814.0,1684431981592,0.75
1815.0,1684431981762,0.90625
1816.0,1684431981945,0.625
1817.0,1684431982124,0.84375
1818.0,1684431982307,0.8125
1819.0,1684431982481,0.78125
1820.0,1684431982650,0.71875
1821.0,1684431982819,0.6875
1822.0,1684431982994,0.875
1823.0,1684431983165,0.78125
1824.0,1684431983340,0.78125
1825.0,1684431983504,0.90625
1826.0,1684431983674,0.75
1827.0,1684431983843,0.9375
1828.0,1684431984010,0.875
1829.0,1684431984174,0.8125
1830.0,1684431984355,0.875
1831.0,1684431984523,0.84375
1832.0,1684431984658,0.78125
1833.0,1684431984789,0.8125
1834.0,1684431984930,0.78125
1835.0,1684431985093,0.78125
1836.0,1684431985226,0.84375
1837.0,1684431985358,0.84375
1838.0,1684431985487,0.71875
1839.0,1684431985618,0.8125
1840.0,1684431985746,0.6875
1841.0,1684431985873,0.8125
1842.0,1684431986012,0.8125
1843.0,1684431986141,0.8125
1844.0,1684431986272,0.84375
1845.0,1684431986400,0.8125
1846.0,1684431986530,0.78125
1847.0,1684431986658,0.78125
1848.0,1684431986786,0.75
1849.0,1684431986920,0.875
1850.0,1684431987074,0.875
1851.0,1684431987212,0.78125
1852.0,1684431987348,0.84375
1853.0,1684431987478,0.71875
1854.0,1684431987613,0.875
1855.0,1684431987743,0.90625
1856.0,1684431987879,0.875
1857.0,1684431988022,0.78125
1858.0,1684431988158,0.71875
1859.0,1684431988296,0.84375
1860.0,1684431988432,0.84375
1861.0,1684431988561,0.71875
1862.0,1684431988696,0.75
1863.0,1684431988826,0.78125
1864.0,1684431988960,0.875
1865.0,1684431989101,0.78125
1866.0,1684431989235,0.84375
1867.0,1684431989366,0.71875
1868.0,1684431989495,0.6875
1869.0,1684431989628,0.6875
1870.0,1684431989765,0.84375
1871.0,1684431989918,0.75
1872.0,1684431990066,0.8125
1873.0,1684431990211,0.8125
1874.0,1684431990357,0.71875
1875.0,1684431990490,0.875
1876.0,1684431990619,0.875
1877.0,1684431990751,0.75
1878.0,1684431990882,0.71875
1879.0,1684431991010,0.84375
1880.0,1684431991153,0.75
1881.0,1684431991286,0.65625
1882.0,1684431991413,0.8125
1883.0,1684431991542,0.75
1884.0,1684431991671,0.8125
1885.0,1684431991801,0.90625
1886.0,1684431991937,0.6875
1887.0,1684431992079,0.8125
1888.0,1684431992208,0.875
1889.0,1684431992347,0.96875
1890.0,1684431992477,0.71875
1891.0,1684431992617,0.84375
1892.0,1684431992751,0.75
1893.0,1684431992885,0.78125
1894.0,1684431993016,0.8125
1895.0,1684431993158,0.90625
1896.0,1684431993290,0.875
1897.0,1684431993419,0.875
1898.0,1684431993549,0.6875
1899.0,1684431993682,0.875
1900.0,1684431993837,0.96875
1901.0,1684431993967,0.84375
1902.0,1684431994104,0.8125
1903.0,1684431994236,0.8125
1904.0,1684431994366,0.625
1905.0,1684431994495,0.53125
1906.0,1684431994674,0.71875
1907.0,1684431994847,0.78125
1908.0,1684431995043,0.84375
1909.0,1684431995206,0.78125
1910.0,1684431995376,0.65625
1911.0,1684431995551,0.65625
1912.0,1684431995711,0.75
1913.0,1684431995876,0.84375
1914.0,1684431996042,0.8125
1915.0,1684431996213,0.8125
1916.0,1684431996375,0.78125
1917.0,1684431996536,0.75
1918.0,1684431996701,0.9375
1919.0,1684431996874,0.84375
1920.0,1684431997036,0.875
1921.0,1684431997201,0.9375
1922.0,1684431997365,0.9375
1923.0,1684431997526,0.75
1924.0,1684431997690,0.8125
1925.0,1684431997854,0.84375
1926.0,1684431998024,0.84375
1927.0,1684431998192,0.90625
1928.0,1684431998375,0.84375
1929.0,1684431998544,0.8125
1930.0,1684431998713,0.71875
1931.0,1684431998748,0.6666666666666666
1932.0,1684431999324,0.625
1933.0,1684431999456,0.9375
1934.0,1684431999585,0.84375
1935.0,1684431999718,0.90625
1936.0,1684431999866,0.8125
1937.0,1684432000000,0.71875
1938.0,1684432000145,0.6875
1939.0,1684432000295,0.84375
1940.0,1684432000442,0.8125
1941.0,1684432000577,0.84375
1942.0,1684432000719,0.75
1943.0,1684432000861,0.75
1944.0,1684432000993,0.78125
1945.0,1684432001122,0.875
1946.0,1684432001254,0.84375
1947.0,1684432001394,0.84375
1948.0,1684432001522,0.8125
1949.0,1684432001649,0.8125
1950.0,1684432001800,0.6875
1951.0,1684432001941,0.8125
1952.0,1684432002081,0.90625
1953.0,1684432002215,0.8125
1954.0,1684432002361,0.90625
1955.0,1684432002493,0.9375
1956.0,1684432002623,0.875
1957.0,1684432002761,0.84375
1958.0,1684432002898,0.78125
1959.0,1684432003035,0.84375
1960.0,1684432003174,0.9375
1961.0,1684432003304,0.78125
1962.0,1684432003438,0.84375
1963.0,1684432003569,0.90625
1964.0,1684432003700,0.8125
1965.0,1684432003834,0.875
1966.0,1684432003964,0.875
1967.0,1684432004097,0.75
1968.0,1684432004230,0.75
1969.0,1684432004363,0.71875
1970.0,1684432004513,0.84375
1971.0,1684432004642,0.78125
1972.0,1684432004783,0.8125
1973.0,1684432004920,0.8125
1974.0,1684432005071,0.78125
1975.0,1684432005202,0.875
1976.0,1684432005345,0.84375
1977.0,1684432005484,0.625
1978.0,1684432005614,0.75
1979.0,1684432005744,0.875
1980.0,1684432005878,0.71875
1981.0,1684432006011,0.9375
1982.0,1684432006138,0.84375
1983.0,1684432006269,0.8125
1984.0,1684432006396,0.84375
1985.0,1684432006537,0.75
1986.0,1684432006665,0.625
1987.0,1684432006800,0.875
1988.0,1684432006928,0.75
1989.0,1684432007063,0.8125
1990.0,1684432007193,0.75
1991.0,1684432007324,0.84375
1992.0,1684432007483,0.84375
1993.0,1684432007616,0.78125
1994.0,1684432007746,0.875
1995.0,1684432007875,0.78125
1996.0,1684432008009,0.625
1997.0,1684432008142,0.78125
1998.0,1684432008280,0.78125
1999.0,1684432008411,0.84375
2000.0,1684432008574,0.71875
2001.0,1684432008704,0.8125
2002.0,1684432008841,0.8125
2003.0,1684432008976,0.84375
2004.0,1684432009109,0.84375
2005.0,1684432009257,0.875
2006.0,1684432009433,0.6875
2007.0,1684432009605,0.875
2008.0,1684432009770,0.6875
2009.0,1684432009942,0.75
2010.0,1684432010127,0.78125
2011.0,1684432010292,0.8125
2012.0,1684432010471,0.75
2013.0,1684432010638,0.75
2014.0,1684432010802,0.8125
2015.0,1684432010964,0.875
2016.0,1684432011135,0.75
2017.0,1684432011303,0.90625
2018.0,1684432011474,0.78125
2019.0,1684432011650,0.78125
2020.0,1684432011808,0.78125
2021.0,1684432011972,0.8125
2022.0,1684432012144,0.875
2023.0,1684432012309,0.65625
2024.0,1684432012474,0.71875
2025.0,1684432012646,0.8125
2026.0,1684432012826,0.78125
2027.0,1684432012997,0.71875
2028.0,1684432013164,0.875
2029.0,1684432013330,0.8125
2030.0,1684432013497,0.75
2031.0,1684432013667,0.6875
2032.0,1684432013841,0.8125
2033.0,1684432013982,0.84375
2034.0,1684432014118,0.75
2035.0,1684432014260,0.71875
2036.0,1684432014398,0.8125
2037.0,1684432014526,0.78125
2038.0,1684432014660,0.78125
2039.0,1684432014792,0.9375
2040.0,1684432014925,0.8125
2041.0,1684432015055,0.8125
2042.0,1684432015189,0.90625
2043.0,1684432015319,0.75
2044.0,1684432015450,0.875
2045.0,1684432015579,0.84375
2046.0,1684432015715,0.8125
2047.0,1684432015848,0.75
2048.0,1684432015977,0.84375
2049.0,1684432016128,0.8125
2050.0,1684432016286,0.875
2051.0,1684432016421,0.8125
2052.0,1684432016558,0.84375
2053.0,1684432016699,0.5625
2054.0,1684432016831,0.8125
2055.0,1684432016962,0.75
2056.0,1684432017096,0.8125
2057.0,1684432017225,0.78125
2058.0,1684432017354,0.90625
2059.0,1684432017486,0.8125
2060.0,1684432017615,0.84375
2061.0,1684432017750,0.71875
2062.0,1684432017884,0.78125
2063.0,1684432018020,0.8125
2064.0,1684432018154,0.8125
2065.0,1684432018287,0.65625
2066.0,1684432018420,0.84375
2067.0,1684432018552,0.84375
2068.0,1684432018687,0.78125
2069.0,1684432018822,0.875
2070.0,1684432018954,0.84375
2071.0,1684432019082,0.78125
2072.0,1684432019222,0.875
2073.0,1684432019351,0.71875
2074.0,1684432019486,0.8125
2075.0,1684432019617,0.84375
2076.0,1684432019768,0.71875
2077.0,1684432019907,0.75
2078.0,1684432020042,0.75
2079.0,1684432020177,0.84375
2080.0,1684432020315,0.84375
2081.0,1684432020451,0.875
2082.0,1684432020582,0.84375
2083.0,1684432020720,0.75
2084.0,1684432020861,0.8125
2085.0,1684432020996,0.78125
2086.0,1684432021127,0.75
2087.0,1684432021267,0.8125
2088.0,1684432021400,0.8125
2089.0,1684432021536,0.90625
2090.0,1684432021668,0.84375
2091.0,1684432021805,0.875
2092.0,1684432021833,1.0
2093.0,1684432022351,0.75
2094.0,1684432022494,0.90625
2095.0,1684432022629,0.78125
2096.0,1684432022763,0.78125
2097.0,1684432022913,0.78125
2098.0,1684432023051,0.84375
2099.0,1684432023186,0.78125
2100.0,1684432023339,0.8125
2101.0,1684432023521,0.6875
2102.0,1684432023687,0.8125
2103.0,1684432023853,0.875
2104.0,1684432024034,0.6875
2105.0,1684432024201,0.6875
2106.0,1684432024410,0.8125
2107.0,1684432024639,0.84375
2108.0,1684432024867,0.71875
2109.0,1684432025089,0.78125
2110.0,1684432025328,0.8125
2111.0,1684432025522,0.8125
2112.0,1684432025756,0.90625
2113.0,1684432025995,0.84375
2114.0,1684432026217,0.78125
2115.0,1684432026422,0.75
2116.0,1684432026659,0.90625
2117.0,1684432026873,0.84375
2118.0,1684432027099,0.78125
2119.0,1684432027325,0.8125
2120.0,1684432027537,0.8125
2121.0,1684432027760,0.78125
2122.0,1684432028006,0.6875
2123.0,1684432028232,0.78125
2124.0,1684432028463,0.78125
2125.0,1684432028677,0.71875
2126.0,1684432028920,0.875
2127.0,1684432029123,1.0
2128.0,1684432029334,0.75
2129.0,1684432029534,0.9375
2130.0,1684432029705,0.78125
2131.0,1684432029876,0.875
2132.0,1684432030048,0.75
2133.0,1684432030265,0.90625
2134.0,1684432030437,0.9375
2135.0,1684432030606,0.90625
2136.0,1684432030784,0.84375
2137.0,1684432030962,0.75
2138.0,1684432031135,0.78125
2139.0,1684432031330,0.90625
2140.0,1684432031508,0.875
2141.0,1684432031680,0.78125
2142.0,1684432031868,0.875
2143.0,1684432031999,0.75
2144.0,1684432032125,0.90625
2145.0,1684432032257,0.90625
2146.0,1684432032388,0.84375
2147.0,1684432032519,0.71875
2148.0,1684432032650,0.90625
2149.0,1684432032779,0.78125
2150.0,1684432032934,0.875
2151.0,1684432033069,0.8125
2152.0,1684432033210,0.6875
2153.0,1684432033349,0.875
2154.0,1684432033491,0.8125
2155.0,1684432033626,0.84375
2156.0,1684432033763,0.84375
2157.0,1684432033894,0.71875
2158.0,1684432034030,0.78125
2159.0,1684432034159,0.8125
2160.0,1684432034291,0.875
2161.0,1684432034418,0.8125
2162.0,1684432034548,0.8125
2163.0,1684432034679,0.65625
2164.0,1684432034813,0.75
2165.0,1684432034943,0.875
2166.0,1684432035071,0.8125
2167.0,1684432035210,0.78125
2168.0,1684432035342,0.75
2169.0,1684432035472,0.71875
2170.0,1684432035607,0.625
2171.0,1684432035754,0.9375
2172.0,1684432035887,0.8125
2173.0,1684432036032,0.75
2174.0,1684432036168,0.8125
2175.0,1684432036318,0.84375
2176.0,1684432036459,0.875
2177.0,1684432036591,0.78125
2178.0,1684432036724,0.875
2179.0,1684432036854,0.875
2180.0,1684432036985,0.78125
2181.0,1684432037119,0.71875
2182.0,1684432037254,0.78125
2183.0,1684432037381,0.8125
2184.0,1684432037514,0.90625
2185.0,1684432037642,0.84375
2186.0,1684432037780,0.84375
2187.0,1684432037913,0.90625
2188.0,1684432038042,0.84375
2189.0,1684432038172,0.75
2190.0,1684432038321,0.78125
2191.0,1684432038449,0.84375
2192.0,1684432038584,0.9375
2193.0,1684432038721,0.71875
2194.0,1684432038861,0.84375
2195.0,1684432038992,0.65625
2196.0,1684432039129,0.84375
2197.0,1684432039261,0.84375
2198.0,1684432039401,0.75
2199.0,1684432039534,0.625
2200.0,1684432039686,0.6875
2201.0,1684432039817,0.75
2202.0,1684432039950,0.8125
2203.0,1684432040078,0.71875
2204.0,1684432040215,0.6875
2205.0,1684432040348,0.8125
2206.0,1684432040486,0.78125
2207.0,1684432040620,0.75
2208.0,1684432040751,0.75
2209.0,1684432040885,0.8125
2210.0,1684432041021,0.65625
2211.0,1684432041152,0.6875
2212.0,1684432041285,0.75
2213.0,1684432041429,0.6875
2214.0,1684432041561,0.8125
2215.0,1684432041700,0.96875
2216.0,1684432041874,0.84375
2217.0,1684432042050,0.71875
2218.0,1684432042226,0.71875
2219.0,1684432042391,0.78125
2220.0,1684432042555,0.6875
2221.0,1684432042716,0.90625
2222.0,1684432042880,0.8125
2223.0,1684432043050,0.8125
2224.0,1684432043226,0.84375
2225.0,1684432043413,0.6875
2226.0,1684432043585,0.96875
2227.0,1684432043748,0.84375
2228.0,1684432043914,0.8125
2229.0,1684432044075,0.96875
2230.0,1684432044243,0.84375
2231.0,1684432044403,0.84375
2232.0,1684432044581,0.71875
2233.0,1684432044751,0.90625
2234.0,1684432044921,0.71875
2235.0,1684432045081,0.75
2236.0,1684432045268,0.84375
2237.0,1684432045435,0.75
2238.0,1684432045603,0.65625
2239.0,1684432045769,0.875
2240.0,1684432045938,0.90625
2241.0,1684432046112,0.71875
2242.0,1684432046287,0.78125
2243.0,1684432046444,0.90625
2244.0,1684432046586,0.78125
2245.0,1684432046717,0.9375
2246.0,1684432046852,0.75
2247.0,1684432046984,0.84375
2248.0,1684432047114,0.84375
2249.0,1684432047247,0.84375
2250.0,1684432047409,0.625
2251.0,1684432047539,0.8125
2252.0,1684432047682,0.84375
2253.0,1684432047712,1.0
2254.0,1684432048242,0.75
2255.0,1684432048379,0.75
2256.0,1684432048521,0.8125
2257.0,1684432048657,0.75
2258.0,1684432048789,0.90625
2259.0,1684432048923,0.71875
2260.0,1684432049052,0.75
2261.0,1684432049193,0.71875
2262.0,1684432049335,0.90625
2263.0,1684432049479,0.8125
2264.0,1684432049623,0.8125
2265.0,1684432049756,0.875
2266.0,1684432049893,0.90625
2267.0,1684432050030,0.75
2268.0,1684432050158,0.8125
2269.0,1684432050302,0.71875
2270.0,1684432050431,0.875
2271.0,1684432050558,0.6875
2272.0,1684432050695,0.84375
2273.0,1684432050825,0.75
2274.0,1684432050964,0.78125
2275.0,1684432051094,0.78125
2276.0,1684432051224,0.78125
2277.0,1684432051350,0.875
2278.0,1684432051483,0.78125
2279.0,1684432051618,0.84375
2280.0,1684432051748,0.6875
2281.0,1684432051877,0.90625
2282.0,1684432052009,0.84375
2283.0,1684432052145,0.96875
2284.0,1684432052276,0.8125
2285.0,1684432052406,0.90625
2286.0,1684432052542,0.6875
2287.0,1684432052684,0.71875
2288.0,1684432052827,0.84375
2289.0,1684432052958,0.6875
2290.0,1684432053096,0.8125
2291.0,1684432053228,0.71875
2292.0,1684432053362,0.90625
2293.0,1684432053497,0.6875
2294.0,1684432053638,0.78125
2295.0,1684432053778,0.6875
2296.0,1684432053912,0.75
2297.0,1684432054044,0.90625
2298.0,1684432054175,0.8125
2299.0,1684432054305,0.65625
2300.0,1684432054458,0.8125
2301.0,1684432054588,0.71875
2302.0,1684432054735,0.84375
2303.0,1684432054865,0.78125
2304.0,1684432055007,0.75
2305.0,1684432055138,0.90625
2306.0,1684432055289,0.8125
2307.0,1684432055420,0.75
2308.0,1684432055547,0.8125
2309.0,1684432055677,0.8125
2310.0,1684432055816,0.78125
2311.0,1684432055945,0.84375
2312.0,1684432056072,0.78125
2313.0,1684432056201,0.6875
2314.0,1684432056344,0.78125
2315.0,1684432056498,0.6875
2316.0,1684432056673,0.84375
2317.0,1684432056841,0.84375
2318.0,1684432056998,0.8125
2319.0,1684432057163,0.875
2320.0,1684432057326,0.84375
2321.0,1684432057488,0.9375
2322.0,1684432057650,0.875
2323.0,1684432057824,0.78125
2324.0,1684432057996,0.75
2325.0,1684432058158,0.8125
2326.0,1684432058321,0.78125
2327.0,1684432058489,0.78125
2328.0,1684432058650,0.78125
2329.0,1684432058820,0.75
2330.0,1684432058986,0.84375
2331.0,1684432059146,0.78125
2332.0,1684432059309,0.78125
2333.0,1684432059475,0.8125
2334.0,1684432059649,0.78125
2335.0,1684432059814,0.84375
2336.0,1684432059980,0.875
2337.0,1684432060154,0.875
2338.0,1684432060337,0.875
2339.0,1684432060501,0.78125
2340.0,1684432060662,0.84375
2341.0,1684432060824,0.84375
2342.0,1684432060997,0.8125
2343.0,1684432061134,0.78125
2344.0,1684432061263,0.78125
2345.0,1684432061393,0.84375
2346.0,1684432061524,0.84375
2347.0,1684432061658,0.75
2348.0,1684432061794,0.9375
2349.0,1684432061936,0.84375
2350.0,1684432062091,0.8125
2351.0,1684432062230,0.78125
2352.0,1684432062360,0.78125
2353.0,1684432062507,0.75
2354.0,1684432062651,0.90625
2355.0,1684432062801,0.71875
2356.0,1684432062941,0.8125
2357.0,1684432063082,0.9375
2358.0,1684432063214,0.84375
2359.0,1684432063344,0.875
2360.0,1684432063476,0.8125
2361.0,1684432063606,0.8125
2362.0,1684432063741,0.8125
2363.0,1684432063871,0.875
2364.0,1684432064017,0.90625
2365.0,1684432064157,0.90625
2366.0,1684432064288,0.875
2367.0,1684432064421,0.84375
2368.0,1684432064549,0.75
2369.0,1684432064681,0.78125
2370.0,1684432064822,0.78125
2371.0,1684432064959,0.71875
2372.0,1684432065096,0.625
2373.0,1684432065225,0.75
2374.0,1684432065364,0.75
2375.0,1684432065494,0.78125
2376.0,1684432065625,0.84375
2377.0,1684432065757,0.71875
2378.0,1684432065893,0.9375
2379.0,1684432066027,0.78125
2380.0,1684432066164,0.78125
2381.0,1684432066298,0.875
2382.0,1684432066428,0.875
2383.0,1684432066558,0.78125
2384.0,1684432066689,0.875
2385.0,1684432066827,0.8125
2386.0,1684432066959,0.875
2387.0,1684432067100,0.75
2388.0,1684432067232,0.8125
2389.0,1684432067359,0.75
2390.0,1684432067489,0.75
2391.0,1684432067620,0.78125
2392.0,1684432067751,0.90625
2393.0,1684432067884,0.875
2394.0,1684432068025,0.65625
2395.0,1684432068158,0.90625
2396.0,1684432068298,0.75
2397.0,1684432068430,0.8125
2398.0,1684432068570,0.71875
2399.0,1684432068702,0.8125
2400.0,1684432068862,0.78125
2401.0,1684432068993,0.625
2402.0,1684432069140,0.75
2403.0,1684432069286,0.78125
2404.0,1684432069423,0.8125
2405.0,1684432069557,0.8125
2406.0,1684432069688,0.90625
2407.0,1684432069820,0.625
2408.0,1684432069950,1.0
2409.0,1684432070091,0.71875
2410.0,1684432070220,0.8125
2411.0,1684432070354,0.84375
2412.0,1684432070493,0.8125
2413.0,1684432070627,0.84375
2414.0,1684432070654,1.0
2415.0,1684432071228,0.75
2416.0,1684432071389,0.8125
2417.0,1684432071563,0.75
2418.0,1684432071724,0.6875
2419.0,1684432071892,0.71875
2420.0,1684432072058,0.71875
2421.0,1684432072235,0.75
2422.0,1684432072400,0.6875
2423.0,1684432072563,0.90625
2424.0,1684432072728,0.8125
2425.0,1684432072893,0.75
2426.0,1684432073063,0.78125
2427.0,1684432073236,0.71875
2428.0,1684432073410,0.78125
2429.0,1684432073576,0.84375
2430.0,1684432073751,0.75
2431.0,1684432073928,0.78125
2432.0,1684432074103,0.84375
2433.0,1684432074290,0.84375
2434.0,1684432074451,0.78125
2435.0,1684432074627,0.75
2436.0,1684432074794,0.84375
2437.0,1684432074964,0.84375
2438.0,1684432075129,0.78125
2439.0,1684432075300,0.9375
2440.0,1684432075483,0.84375
2441.0,1684432075645,0.9375
2442.0,1684432075803,0.75
2443.0,1684432075943,0.90625
2444.0,1684432076078,0.875
2445.0,1684432076217,0.90625
2446.0,1684432076359,0.6875
2447.0,1684432076488,0.78125
2448.0,1684432076615,0.75
2449.0,1684432076745,0.84375
2450.0,1684432076896,0.90625
2451.0,1684432077031,0.84375
2452.0,1684432077160,0.71875
2453.0,1684432077293,0.71875
2454.0,1684432077420,0.6875
2455.0,1684432077556,0.75
2456.0,1684432077685,0.78125
2457.0,1684432077823,0.8125
2458.0,1684432077964,0.71875
2459.0,1684432078106,0.8125
2460.0,1684432078236,0.875
2461.0,1684432078370,0.875
2462.0,1684432078503,0.875
2463.0,1684432078645,0.71875
2464.0,1684432078780,0.75
2465.0,1684432078908,0.84375
2466.0,1684432079037,0.75
2467.0,1684432079174,0.90625
2468.0,1684432079308,0.78125
2469.0,1684432079440,0.78125
2470.0,1684432079568,0.625
2471.0,1684432079699,0.75
2472.0,1684432079839,0.875
2473.0,1684432079974,0.78125
2474.0,1684432080119,0.78125
2475.0,1684432080260,0.78125
2476.0,1684432080406,0.78125
2477.0,1684432080547,0.53125
2478.0,1684432080678,0.84375
2479.0,1684432080817,0.78125
2480.0,1684432080952,0.75
2481.0,1684432081082,0.75
2482.0,1684432081221,0.8125
2483.0,1684432081351,0.65625
2484.0,1684432081483,0.84375
2485.0,1684432081611,0.71875
2486.0,1684432081746,0.8125
2487.0,1684432081879,0.84375
2488.0,1684432082023,0.9375
2489.0,1684432082162,1.0
2490.0,1684432082295,0.78125
2491.0,1684432082433,0.84375
2492.0,1684432082564,1.0
2493.0,1684432082699,0.90625
2494.0,1684432082831,0.84375
2495.0,1684432082978,0.8125
2496.0,1684432083119,0.8125
2497.0,1684432083254,0.8125
2498.0,1684432083395,0.8125
2499.0,1684432083524,0.875
2500.0,1684432083677,0.78125
2501.0,1684432083817,0.84375
2502.0,1684432083958,0.75
2503.0,1684432084092,0.75
2504.0,1684432084223,0.78125
2505.0,1684432084355,0.71875
2506.0,1684432084492,0.90625
2507.0,1684432084625,0.71875
2508.0,1684432084761,0.78125
2509.0,1684432084895,0.75
2510.0,1684432085034,0.78125
2511.0,1684432085163,0.90625
2512.0,1684432085296,0.90625
2513.0,1684432085432,0.84375
2514.0,1684432085567,0.875
2515.0,1684432085706,0.6875
2516.0,1684432085869,0.84375
2517.0,1684432086034,0.90625
2518.0,1684432086193,0.78125
2519.0,1684432086353,0.78125
2520.0,1684432086515,0.78125
2521.0,1684432086678,0.78125
2522.0,1684432086843,0.78125
2523.0,1684432087006,0.75
2524.0,1684432087164,0.8125
2525.0,1684432087325,0.90625
2526.0,1684432087483,0.8125
2527.0,1684432087645,0.78125
2528.0,1684432087811,0.75
2529.0,1684432087979,0.78125
2530.0,1684432088138,0.8125
2531.0,1684432088298,0.75
2532.0,1684432088464,0.71875
2533.0,1684432088625,0.875
2534.0,1684432088796,0.84375
2535.0,1684432088983,0.78125
2536.0,1684432089150,0.8125
2537.0,1684432089316,0.8125
2538.0,1684432089478,0.75
2539.0,1684432089643,0.875
2540.0,1684432089812,0.8125
2541.0,1684432089983,0.90625
2542.0,1684432090148,0.84375
2543.0,1684432090314,0.8125
2544.0,1684432090473,0.71875
2545.0,1684432090609,0.78125
2546.0,1684432090740,0.90625
2547.0,1684432090877,0.75
2548.0,1684432091008,0.875
2549.0,1684432091139,0.875
2550.0,1684432091288,0.78125
2551.0,1684432091416,0.78125
2552.0,1684432091548,0.84375
2553.0,1684432091689,0.84375
2554.0,1684432091823,0.8125
2555.0,1684432091964,0.875
2556.0,1684432092104,0.8125
2557.0,1684432092236,0.90625
2558.0,1684432092367,0.84375
2559.0,1684432092518,0.84375
2560.0,1684432092657,0.84375
2561.0,1684432092788,0.8125
2562.0,1684432092921,0.71875
2563.0,1684432093054,0.8125
2564.0,1684432093184,0.6875
2565.0,1684432093315,0.8125
2566.0,1684432093443,0.8125
2567.0,1684432093575,0.875
2568.0,1684432093712,0.75
2569.0,1684432093847,0.875
2570.0,1684432093977,0.84375
2571.0,1684432094110,0.75
2572.0,1684432094248,0.78125
2573.0,1684432094378,0.78125
2574.0,1684432094508,0.84375
2575.0,1684432094538,1.0
2576.0,1684432095017,0.75
2577.0,1684432095152,0.84375
2578.0,1684432095291,0.84375
2579.0,1684432095419,0.6875
2580.0,1684432095573,0.875
2581.0,1684432095726,0.78125
2582.0,1684432095871,0.78125
2583.0,1684432096013,0.78125
2584.0,1684432096144,0.84375
2585.0,1684432096276,0.75
2586.0,1684432096406,0.625
2587.0,1684432096538,0.8125
2588.0,1684432096668,0.8125
2589.0,1684432096806,0.875
2590.0,1684432096937,0.90625
2591.0,1684432097073,0.875
2592.0,1684432097204,0.6875
2593.0,1684432097348,0.6875
2594.0,1684432097478,0.6875
2595.0,1684432097606,0.84375
2596.0,1684432097750,0.71875
2597.0,1684432097886,0.71875
2598.0,1684432098020,0.84375
2599.0,1684432098150,0.8125
2600.0,1684432098307,0.96875
2601.0,1684432098436,0.78125
2602.0,1684432098566,0.6875
2603.0,1684432098696,0.625
2604.0,1684432098832,0.71875
2605.0,1684432098960,0.8125
2606.0,1684432099090,0.8125
2607.0,1684432099227,0.875
2608.0,1684432099360,0.84375
2609.0,1684432099499,0.8125
2610.0,1684432099630,0.84375
2611.0,1684432099764,0.75
2612.0,1684432099902,0.875
2613.0,1684432100038,0.8125
2614.0,1684432100174,0.875
2615.0,1684432100308,0.875
2616.0,1684432100459,0.75
2617.0,1684432100660,0.8125
2618.0,1684432100844,0.75
2619.0,1684432101001,0.90625
2620.0,1684432101161,0.75
2621.0,1684432101327,0.875
2622.0,1684432101486,0.78125
2623.0,1684432101646,0.84375
2624.0,1684432101806,0.8125
2625.0,1684432101977,0.875
2626.0,1684432102141,0.9375
2627.0,1684432102303,0.78125
2628.0,1684432102465,0.6875
2629.0,1684432102628,0.8125
2630.0,1684432102791,0.8125
2631.0,1684432102967,0.875
2632.0,1684432103128,0.78125
2633.0,1684432103295,0.6875
2634.0,1684432103464,0.8125
2635.0,1684432103630,0.75
2636.0,1684432103826,0.78125
2637.0,1684432104005,0.84375
2638.0,1684432104176,0.84375
2639.0,1684432104365,0.875
2640.0,1684432104537,0.9375
2641.0,1684432104710,0.65625
2642.0,1684432104882,0.75
2643.0,1684432105059,0.78125
2644.0,1684432105224,0.84375
2645.0,1684432105361,0.875
2646.0,1684432105492,0.75
2647.0,1684432105628,0.875
2648.0,1684432105759,0.875
2649.0,1684432105895,0.84375
2650.0,1684432106054,0.75
2651.0,1684432106185,0.875
2652.0,1684432106316,0.875
2653.0,1684432106460,0.84375
2654.0,1684432106593,0.71875
2655.0,1684432106727,0.84375
2656.0,1684432106875,0.875
2657.0,1684432107008,0.78125
2658.0,1684432107149,0.875
2659.0,1684432107294,0.71875
2660.0,1684432107421,0.90625
2661.0,1684432107552,0.8125
2662.0,1684432107681,0.875
2663.0,1684432107813,0.75
2664.0,1684432107946,0.75
2665.0,1684432108094,0.75
2666.0,1684432108234,0.78125
2667.0,1684432108366,0.8125
2668.0,1684432108496,0.71875
2669.0,1684432108628,0.875
2670.0,1684432108764,0.71875
2671.0,1684432108902,0.65625
2672.0,1684432109028,0.90625
2673.0,1684432109173,0.84375
2674.0,1684432109305,0.84375
2675.0,1684432109440,0.78125
2676.0,1684432109583,0.78125
2677.0,1684432109724,0.8125
2678.0,1684432109866,0.75
2679.0,1684432110007,0.9375
2680.0,1684432110150,0.84375
2681.0,1684432110286,0.71875
2682.0,1684432110418,0.9375
2683.0,1684432110553,0.90625
2684.0,1684432110695,0.8125
2685.0,1684432110828,0.75
2686.0,1684432110958,0.8125
2687.0,1684432111092,0.90625
2688.0,1684432111228,0.71875
2689.0,1684432111362,0.8125
2690.0,1684432111491,0.8125
2691.0,1684432111620,0.78125
2692.0,1684432111749,0.84375
2693.0,1684432111879,0.8125
2694.0,1684432112015,0.78125
2695.0,1684432112155,0.875
2696.0,1684432112292,0.78125
2697.0,1684432112424,0.84375
2698.0,1684432112564,0.875
2699.0,1684432112699,0.8125
2700.0,1684432112859,0.71875
2701.0,1684432112998,0.875
2702.0,1684432113132,0.8125
2703.0,1684432113271,0.8125
2704.0,1684432113403,0.84375
2705.0,1684432113545,0.78125
2706.0,1684432113677,0.875
2707.0,1684432113804,0.78125
2708.0,1684432113933,0.84375
2709.0,1684432114064,0.875
2710.0,1684432114195,0.8125
2711.0,1684432114325,0.71875
2712.0,1684432114452,0.875
2713.0,1684432114580,0.875
2714.0,1684432114713,0.75
2715.0,1684432114843,0.78125
2716.0,1684432114986,0.78125
2717.0,1684432115114,0.78125
2718.0,1684432115253,0.90625
2719.0,1684432115414,0.875
2720.0,1684432115584,0.6875
2721.0,1684432115754,0.65625
2722.0,1684432115923,0.6875
2723.0,1684432116083,0.8125
2724.0,1684432116254,0.65625
2725.0,1684432116420,0.875
2726.0,1684432116588,0.84375
2727.0,1684432116755,0.8125
2728.0,1684432116922,0.71875
2729.0,1684432117088,0.6875
2730.0,1684432117263,0.8125
2731.0,1684432117435,0.59375
2732.0,1684432117598,0.84375
2733.0,1684432117756,0.8125
2734.0,1684432117920,0.90625
2735.0,1684432118082,0.8125
2736.0,1684432118117,0.6666666666666666
2737.0,1684432118845,0.8125
2738.0,1684432119013,0.84375
2739.0,1684432119179,0.8125
2740.0,1684432119355,0.78125
2741.0,1684432119531,0.84375
2742.0,1684432119689,0.75
2743.0,1684432119854,0.9375
2744.0,1684432119991,0.90625
2745.0,1684432120126,0.84375
2746.0,1684432120259,0.875
2747.0,1684432120390,0.78125
2748.0,1684432120524,0.84375
2749.0,1684432120654,0.84375
2750.0,1684432120821,0.78125
2751.0,1684432120964,0.75
2752.0,1684432121105,0.90625
2753.0,1684432121251,0.90625
2754.0,1684432121381,0.8125
2755.0,1684432121513,0.75
2756.0,1684432121646,0.71875
2757.0,1684432121783,0.875
2758.0,1684432121918,0.8125
2759.0,1684432122050,0.78125
2760.0,1684432122183,0.6875
2761.0,1684432122320,0.84375
2762.0,1684432122450,0.84375
2763.0,1684432122586,0.6875
2764.0,1684432122718,0.84375
2765.0,1684432122856,0.8125
2766.0,1684432122995,0.78125
2767.0,1684432123125,0.8125
2768.0,1684432123331,0.78125
2769.0,1684432123496,0.625
2770.0,1684432123691,0.71875
2771.0,1684432123880,0.90625
2772.0,1684432124081,0.8125
2773.0,1684432124290,0.875
2774.0,1684432124460,0.78125
2775.0,1684432124655,0.8125
2776.0,1684432124824,0.875
2777.0,1684432125009,0.8125
2778.0,1684432125215,0.84375
2779.0,1684432125437,0.875
2780.0,1684432125664,0.78125
2781.0,1684432125964,0.78125
2782.0,1684432126199,0.875
2783.0,1684432126584,0.84375
2784.0,1684432126862,0.5625
2785.0,1684432127110,0.84375
2786.0,1684432127294,0.71875
2787.0,1684432127467,0.75
2788.0,1684432127668,0.84375
2789.0,1684432127894,0.75
2790.0,1684432128116,0.8125
2791.0,1684432128346,0.6875
2792.0,1684432128579,0.8125
2793.0,1684432128876,0.75
2794.0,1684432129073,0.8125
2795.0,1684432129263,0.78125
2796.0,1684432129557,0.78125
2797.0,1684432129791,0.75
2798.0,1684432129967,0.71875
2799.0,1684432130229,0.75
2800.0,1684432130752,0.8125
2801.0,1684432131168,0.8125
2802.0,1684432131552,0.71875
2803.0,1684432131942,0.875
2804.0,1684432132369,0.84375
2805.0,1684432132745,0.84375
2806.0,1684432133139,0.875
2807.0,1684432133589,0.84375
2808.0,1684432133954,0.84375
2809.0,1684432134307,0.75
2810.0,1684432134763,0.78125
2811.0,1684432135216,0.875
2812.0,1684432135606,0.71875
2813.0,1684432135900,0.65625
2814.0,1684432136211,0.75
2815.0,1684432136395,0.875
2816.0,1684432136622,0.71875
2817.0,1684432136858,0.6875
2818.0,1684432137054,0.90625
2819.0,1684432137234,0.78125
2820.0,1684432137421,0.875
2821.0,1684432137600,0.75
2822.0,1684432137771,0.9375
2823.0,1684432137946,0.78125
2824.0,1684432138115,0.84375
2825.0,1684432138290,0.78125
2826.0,1684432138457,0.78125
2827.0,1684432138619,0.8125
2828.0,1684432138750,0.75
2829.0,1684432138885,0.84375
2830.0,1684432139019,0.71875
2831.0,1684432139155,0.90625
2832.0,1684432139289,0.78125
2833.0,1684432139420,0.78125
2834.0,1684432139551,0.78125
2835.0,1684432139684,0.8125
2836.0,1684432139830,0.6875
2837.0,1684432139969,0.6875
2838.0,1684432140112,0.6875
2839.0,1684432140249,0.9375
2840.0,1684432140377,0.84375
2841.0,1684432140514,0.8125
2842.0,1684432140644,0.8125
2843.0,1684432140774,0.84375
2844.0,1684432140910,0.78125
2845.0,1684432141054,0.8125
2846.0,1684432141183,0.75
2847.0,1684432141311,0.875
2848.0,1684432141439,0.8125
2849.0,1684432141570,0.6875
2850.0,1684432141720,0.875
2851.0,1684432141866,0.78125
2852.0,1684432141995,0.8125
2853.0,1684432142141,0.75
2854.0,1684432142272,0.8125
2855.0,1684432142403,0.84375
2856.0,1684432142534,0.6875
2857.0,1684432142672,0.90625
2858.0,1684432142812,0.8125
2859.0,1684432142947,0.875
2860.0,1684432143096,0.8125
2861.0,1684432143235,0.78125
2862.0,1684432143372,0.78125
2863.0,1684432143508,0.8125
2864.0,1684432143644,0.84375
2865.0,1684432143780,0.6875
2866.0,1684432143911,0.84375
2867.0,1684432144041,0.78125
2868.0,1684432144177,0.8125
2869.0,1684432144307,0.90625
2870.0,1684432144436,0.875
2871.0,1684432144571,0.71875
2872.0,1684432144706,0.875
2873.0,1684432144843,0.8125
2874.0,1684432144970,0.78125
2875.0,1684432145115,0.875
2876.0,1684432145255,0.75
2877.0,1684432145431,0.78125
2878.0,1684432145595,0.78125
2879.0,1684432145763,0.8125
2880.0,1684432145926,0.84375
2881.0,1684432146094,0.875
2882.0,1684432146269,0.71875
2883.0,1684432146453,0.875
2884.0,1684432146621,0.875
2885.0,1684432146788,0.84375
2886.0,1684432146949,0.90625
2887.0,1684432147111,0.78125
2888.0,1684432147288,0.78125
2889.0,1684432147445,0.8125
2890.0,1684432147604,0.78125
2891.0,1684432147763,0.78125
2892.0,1684432147928,0.84375
2893.0,1684432148088,0.875
2894.0,1684432148250,0.875
2895.0,1684432148412,0.84375
2896.0,1684432148575,0.78125
2897.0,1684432148609,0.3333333333333333
2898.0,1684432149255,0.75
2899.0,1684432149422,0.875
2900.0,1684432149605,0.84375
2901.0,1684432149769,0.8125
2902.0,1684432149920,0.84375
2903.0,1684432150055,0.875
2904.0,1684432150184,0.78125
2905.0,1684432150313,0.75
2906.0,1684432150455,0.8125
2907.0,1684432150585,0.875
2908.0,1684432150715,0.8125
2909.0,1684432150846,0.71875
2910.0,1684432151002,0.75
2911.0,1684432151144,0.75
2912.0,1684432151281,0.84375
2913.0,1684432151423,0.84375
2914.0,1684432151553,0.71875
2915.0,1684432151685,0.71875
2916.0,1684432151818,0.84375
2917.0,1684432151947,0.71875
2918.0,1684432152094,0.78125
2919.0,1684432152238,0.78125
2920.0,1684432152368,0.84375
2921.0,1684432152507,0.875
2922.0,1684432152637,0.71875
2923.0,1684432152763,0.65625
2924.0,1684432152891,0.59375
2925.0,1684432153033,0.84375
2926.0,1684432153163,0.78125
2927.0,1684432153296,0.90625
2928.0,1684432153434,0.9375
2929.0,1684432153575,0.71875
2930.0,1684432153713,0.75
2931.0,1684432153845,0.78125
2932.0,1684432153979,0.71875
2933.0,1684432154108,0.875
2934.0,1684432154242,0.78125
2935.0,1684432154372,0.75
2936.0,1684432154507,0.875
2937.0,1684432154638,0.84375
2938.0,1684432154781,0.8125
2939.0,1684432154916,0.8125
2940.0,1684432155051,0.84375
2941.0,1684432155181,0.84375
2942.0,1684432155315,0.84375
2943.0,1684432155452,0.78125
2944.0,1684432155583,0.78125
2945.0,1684432155715,0.8125
2946.0,1684432155864,0.75
2947.0,1684432156022,0.8125
2948.0,1684432156151,0.84375
2949.0,1684432156298,0.9375
2950.0,1684432156453,0.71875
2951.0,1684432156591,0.84375
2952.0,1684432156728,0.8125
2953.0,1684432156862,0.84375
2954.0,1684432157001,0.78125
2955.0,1684432157134,0.75
2956.0,1684432157272,0.875
2957.0,1684432157402,0.78125
2958.0,1684432157544,0.78125
2959.0,1684432157675,0.75
2960.0,1684432157808,0.78125
2961.0,1684432157941,0.78125
2962.0,1684432158072,0.75
2963.0,1684432158206,0.8125
2964.0,1684432158344,0.875
2965.0,1684432158478,0.84375
2966.0,1684432158620,0.65625
2967.0,1684432158752,0.84375
2968.0,1684432158887,0.71875
2969.0,1684432159021,0.71875
2970.0,1684432159155,0.875
2971.0,1684432159290,0.90625
2972.0,1684432159419,0.78125
2973.0,1684432159554,0.71875
2974.0,1684432159684,0.84375
2975.0,1684432159814,0.78125
2976.0,1684432159981,0.9375
2977.0,1684432160165,0.84375
2978.0,1684432160334,0.8125
2979.0,1684432160493,0.6875
2980.0,1684432160663,0.90625
2981.0,1684432160832,0.875
2982.0,1684432161018,0.78125
2983.0,1684432161191,0.78125
2984.0,1684432161357,0.75
2985.0,1684432161518,0.75
2986.0,1684432161687,0.84375
2987.0,1684432161856,0.78125
2988.0,1684432162021,0.8125
2989.0,1684432162186,0.8125
2990.0,1684432162355,0.875
2991.0,1684432162518,0.75
2992.0,1684432162683,0.9375
2993.0,1684432162845,0.90625
2994.0,1684432163029,0.8125
2995.0,1684432163197,0.78125
2996.0,1684432163365,0.71875
2997.0,1684432163529,0.90625
2998.0,1684432163709,0.71875
2999.0,1684432163889,0.90625
3000.0,1684432164075,0.71875
3001.0,1684432164246,0.75
3002.0,1684432164415,0.8125
3003.0,1684432164567,0.8125
3004.0,1684432164700,0.875
3005.0,1684432164833,0.8125
3006.0,1684432164966,0.78125
3007.0,1684432165110,0.8125
3008.0,1684432165255,0.8125
3009.0,1684432165388,0.78125
3010.0,1684432165529,0.875
3011.0,1684432165660,0.8125
3012.0,1684432165800,0.90625
3013.0,1684432165930,0.65625
3014.0,1684432166077,0.75
3015.0,1684432166214,0.78125
3016.0,1684432166344,0.90625
3017.0,1684432166475,0.8125
3018.0,1684432166612,0.875
3019.0,1684432166745,0.6875
3020.0,1684432166883,0.78125
3021.0,1684432167022,0.8125
3022.0,1684432167174,0.75
3023.0,1684432167315,0.9375
3024.0,1684432167461,0.8125
3025.0,1684432167591,0.84375
3026.0,1684432167722,0.90625
3027.0,1684432167870,0.78125
3028.0,1684432168006,0.78125
3029.0,1684432168137,0.8125
3030.0,1684432168269,0.8125
3031.0,1684432168398,0.78125
3032.0,1684432168528,0.84375
3033.0,1684432168656,0.71875
3034.0,1684432168792,0.84375
3035.0,1684432168924,0.75
3036.0,1684432169058,0.8125
3037.0,1684432169188,0.84375
3038.0,1684432169326,0.6875
3039.0,1684432169462,0.6875
3040.0,1684432169593,0.75
3041.0,1684432169733,0.84375
3042.0,1684432169874,0.8125
3043.0,1684432170010,0.9375
3044.0,1684432170149,0.9375
3045.0,1684432170280,0.8125
3046.0,1684432170409,0.71875
3047.0,1684432170538,0.84375
3048.0,1684432170670,0.8125
3049.0,1684432170804,0.6875
3050.0,1684432170958,0.78125
3051.0,1684432171097,0.84375
3052.0,1684432171230,0.875
3053.0,1684432171357,0.90625
3054.0,1684432171486,0.8125
3055.0,1684432171614,0.75
3056.0,1684432171748,0.875
3057.0,1684432171892,0.75
3058.0,1684432171918,0.3333333333333333
3059.0,1684432172401,0.75
3060.0,1684432172536,0.875
3061.0,1684432172675,0.78125
3062.0,1684432172807,0.8125
3063.0,1684432172947,0.65625
3064.0,1684432173083,0.8125
3065.0,1684432173223,0.8125
3066.0,1684432173359,0.78125
3067.0,1684432173492,0.84375
3068.0,1684432173629,0.6875
3069.0,1684432173759,0.84375
3070.0,1684432173894,0.875
3071.0,1684432174032,0.8125
3072.0,1684432174170,0.8125
3073.0,1684432174306,0.75
3074.0,1684432174446,0.78125
3075.0,1684432174600,0.84375
3076.0,1684432174770,0.78125
3077.0,1684432174955,0.84375
3078.0,1684432175114,0.96875
3079.0,1684432175288,0.625
3080.0,1684432175448,0.75
3081.0,1684432175604,0.78125
3082.0,1684432175768,0.875
3083.0,1684432175932,0.84375
3084.0,1684432176120,0.78125
3085.0,1684432176283,0.65625
3086.0,1684432176447,0.84375
3087.0,1684432176611,0.84375
3088.0,1684432176779,0.75
3089.0,1684432176948,0.875
3090.0,1684432177114,0.8125
3091.0,1684432177276,0.75
3092.0,1684432177440,0.84375
3093.0,1684432177597,0.8125
3094.0,1684432177759,0.78125
3095.0,1684432177925,0.84375
3096.0,1684432178089,0.78125
3097.0,1684432178255,0.78125
3098.0,1684432178423,0.75
3099.0,1684432178599,0.875
3100.0,1684432178790,0.5625
3101.0,1684432178951,0.84375
3102.0,1684432179123,0.9375
3103.0,1684432179269,0.75
3104.0,1684432179408,0.8125
3105.0,1684432179539,0.90625
3106.0,1684432179677,0.6875
3107.0,1684432179810,0.71875
3108.0,1684432179939,0.71875
3109.0,1684432180077,0.65625
3110.0,1684432180214,0.8125
3111.0,1684432180347,0.84375
3112.0,1684432180489,0.78125
3113.0,1684432180619,0.78125
3114.0,1684432180750,0.84375
3115.0,1684432180880,0.84375
3116.0,1684432181016,0.6875
3117.0,1684432181157,0.9375
3118.0,1684432181295,0.75
3119.0,1684432181433,0.625
3120.0,1684432181561,0.78125
3121.0,1684432181691,0.8125
3122.0,1684432181828,0.8125
3123.0,1684432181959,0.625
3124.0,1684432182098,0.71875
3125.0,1684432182238,0.71875
3126.0,1684432182388,0.75
3127.0,1684432182524,0.8125
3128.0,1684432182667,0.6875
3129.0,1684432182808,0.875
3130.0,1684432182946,0.6875
3131.0,1684432183081,0.84375
3132.0,1684432183223,0.8125
3133.0,1684432183363,0.8125
3134.0,1684432183499,0.78125
3135.0,1684432183631,0.78125
3136.0,1684432183765,0.875
3137.0,1684432183899,0.875
3138.0,1684432184029,0.8125
3139.0,1684432184175,0.75
3140.0,1684432184309,0.90625
3141.0,1684432184451,0.84375
3142.0,1684432184583,0.75
3143.0,1684432184722,0.8125
3144.0,1684432184859,0.8125
3145.0,1684432184995,0.96875
3146.0,1684432185127,0.84375
3147.0,1684432185264,0.875
3148.0,1684432185393,0.84375
3149.0,1684432185522,0.90625
3150.0,1684432185671,0.78125
3151.0,1684432185799,0.90625
3152.0,1684432185926,0.84375
3153.0,1684432186064,0.9375
3154.0,1684432186197,0.90625
3155.0,1684432186329,0.78125
3156.0,1684432186457,0.75
3157.0,1684432186593,0.75
3158.0,1684432186728,0.84375
3159.0,1684432186873,0.875
3160.0,1684432187012,0.84375
3161.0,1684432187145,0.75
3162.0,1684432187284,0.75
3163.0,1684432187417,0.78125
3164.0,1684432187546,0.78125
3165.0,1684432187678,0.8125
3166.0,1684432187817,0.90625
3167.0,1684432187948,0.75
3168.0,1684432188078,0.8125
3169.0,1684432188211,0.8125
3170.0,1684432188346,0.78125
3171.0,1684432188481,0.75
3172.0,1684432188616,0.8125
3173.0,1684432188751,0.8125
3174.0,1684432188884,0.84375
3175.0,1684432189013,0.875
3176.0,1684432189144,0.75
3177.0,1684432189304,0.84375
3178.0,1684432189478,0.90625
3179.0,1684432189652,0.6875
3180.0,1684432189824,0.84375
3181.0,1684432189997,0.84375
3182.0,1684432190169,0.78125
3183.0,1684432190332,0.9375
3184.0,1684432190492,0.84375
3185.0,1684432190651,0.75
3186.0,1684432190813,0.8125
3187.0,1684432190977,0.84375
3188.0,1684432191159,0.6875
3189.0,1684432191323,0.90625
3190.0,1684432191489,0.75
3191.0,1684432191648,0.8125
3192.0,1684432191811,0.84375
3193.0,1684432191973,0.75
3194.0,1684432192143,0.71875
3195.0,1684432192310,0.875
3196.0,1684432192480,0.78125
3197.0,1684432192644,0.6875
3198.0,1684432192805,0.9375
3199.0,1684432192975,0.84375
3200.0,1684432193162,0.90625
3201.0,1684432193330,0.65625
3202.0,1684432193503,0.90625
3203.0,1684432193665,0.65625
3204.0,1684432193825,0.8125
3205.0,1684432193958,0.875
3206.0,1684432194089,0.875
3207.0,1684432194225,0.875
3208.0,1684432194369,0.8125
3209.0,1684432194509,0.875
3210.0,1684432194641,0.78125
3211.0,1684432194771,0.8125
3212.0,1684432194899,0.78125
3213.0,1684432195030,0.8125
3214.0,1684432195164,0.8125
3215.0,1684432195295,0.84375
3216.0,1684432195696,0.78125
3217.0,1684432195914,0.78125
3218.0,1684432196064,0.875
3219.0,1684432196090,0.6666666666666666
