Types,Class,ImID,CancerCells,TotalCells,Pred_CancerCells,Pred_TotalCells
Breast,1.0,1,8,10,7.0,13.0
Breast,1.0,4,3,7,6.0,9.0
Breast,1.0,11,9,14,7.0,11.0
Breast,1.0,16,7,12,8.0,11.0
Breast,1.0,19,2,13,1.0,6.0
Breast,1.0,21,9,11,12.0,12.0
Breast,1.0,22,8,8,9.0,8.0
Breast,1.0,34,2,19,6.0,18.0
Breast,1.0,35,6,11,4.0,11.0
Breast,0.0,46,0,29,1.0,23.0
Breast,0.0,50,0,15,0.0,13.0
Breast,0.0,64,0,41,1.0,39.0
Breast,1.0,93,4,12,4.0,9.0
Breast,1.0,95,24,25,21.0,24.0
Breast,1.0,98,10,16,9.0,19.0
Breast,0.0,103,0,23,2.0,17.0
Breast,1.0,116,49,50,42.0,46.0
Breast,1.0,119,9,60,4.0,59.0
Breast,1.0,122,28,39,14.0,37.0
Breast,0.0,127,0,32,0.0,35.0
Breast,0.0,130,0,19,0.0,17.0
Breast,1.0,146,14,18,8.0,13.0
Breast,0.0,149,0,37,-0.0,35.0
Breast,1.0,153,12,16,18.0,20.0
Breast,1.0,154,1,15,8.0,20.0
Breast,0.0,159,0,18,0.0,17.0
Breast,0.0,160,0,21,0.0,16.0
Breast,0.0,161,0,33,0.0,33.0
Breast,1.0,180,2,9,-0.0,10.0
Breast,0.0,186,0,50,0.0,51.0
Breast,0.0,189,0,50,-0.0,49.0
Breast,0.0,190,0,34,-0.0,31.0
Breast,1.0,197,23,28,21.0,26.0
Breast,0.0,200,0,27,0.0,24.0
Breast,0.0,201,0,56,0.0,56.0
Breast,0.0,202,0,27,1.0,28.0
Breast,0.0,206,0,37,1.0,34.0
Breast,0.0,217,0,30,-0.0,35.0
Breast,0.0,225,0,25,9.0,22.0
Breast,0.0,241,0,27,-0.0,37.0
Breast,0.0,245,0,24,0.0,30.0
Breast,0.0,246,0,34,0.0,26.0
Breast,0.0,253,0,48,-0.0,47.0
Breast,0.0,257,0,15,0.0,16.0
Breast,1.0,262,18,18,20.0,19.0
Breast,1.0,263,16,17,14.0,15.0
Breast,1.0,268,20,20,17.0,18.0
Breast,1.0,284,11,20,10.0,15.0
Breast,0.0,293,0,16,3.0,17.0
Breast,1.0,301,9,17,9.0,18.0
Breast,0.0,304,0,11,-0.0,11.0
Breast,0.0,313,0,24,0.0,23.0
Breast,0.0,317,0,29,5.0,24.0
Breast,1.0,330,30,30,25.0,27.0
Breast,0.0,335,0,41,5.0,49.0
Breast,1.0,337,4,5,5.0,5.0
Breast,1.0,340,7,7,8.0,8.0
Breast,1.0,356,3,14,1.0,13.0
Breast,1.0,369,18,19,19.0,19.0
Breast,1.0,378,11,11,10.0,12.0
Breast,1.0,379,9,11,8.0,13.0
Breast,1.0,391,9,15,13.0,18.0
Breast,1.0,392,5,15,4.0,15.0
Breast,0.0,396,0,8,1.0,7.0
Breast,0.0,397,0,19,11.0,16.0
Breast,1.0,399,5,21,1.0,20.0
Breast,1.0,400,15,18,14.0,16.0
Breast,0.0,403,0,21,1.0,17.0
Breast,0.0,418,0,3,0.0,4.0
Breast,1.0,431,10,25,4.0,22.0
Breast,0.0,441,0,11,2.0,9.0
Breast,1.0,443,3,10,2.0,7.0
Breast,1.0,452,6,19,5.0,21.0
Breast,1.0,455,6,18,5.0,20.0
Breast,1.0,459,16,17,19.0,23.0
Breast,1.0,466,1,7,1.0,4.0
Breast,1.0,469,1,7,0.0,8.0
Breast,1.0,473,12,17,9.0,14.0
Breast,0.0,474,0,15,0.0,17.0
Breast,1.0,487,8,19,10.0,19.0
Breast,1.0,488,11,14,10.0,11.0
Breast,1.0,492,5,14,8.0,14.0
Breast,1.0,496,13,15,12.0,13.0
Breast,1.0,498,9,12,11.0,12.0
Breast,1.0,502,13,19,10.0,17.0
Breast,1.0,512,6,15,4.0,11.0
Breast,1.0,515,8,14,13.0,19.0
Breast,1.0,521,19,21,27.0,27.0
Breast,1.0,524,19,27,16.0,23.0
Breast,0.0,537,0,26,1.0,28.0
Breast,1.0,540,23,23,25.0,27.0
Breast,1.0,546,26,28,24.0,31.0
Breast,1.0,550,16,18,16.0,18.0
Breast,1.0,559,12,19,12.0,19.0
Breast,1.0,562,14,22,10.0,19.0
Breast,1.0,563,20,22,20.0,23.0
Breast,0.0,569,0,15,0.0,18.0
Breast,0.0,574,0,34,0.0,38.0
Breast,1.0,580,20,21,19.0,20.0
Breast,0.0,586,0,0,0.0,0.0
Breast,1.0,600,42,42,56.0,52.0
Breast,1.0,606,33,33,36.0,35.0
Breast,1.0,608,12,13,15.0,15.0
Breast,1.0,612,12,14,15.0,17.0
Breast,0.0,623,0,38,0.0,37.0
Breast,0.0,625,0,39,-0.0,39.0
Breast,1.0,627,2,7,0.0,6.0
Breast,0.0,633,0,3,0.0,3.0
Breast,0.0,635,0,6,-0.0,5.0
Breast,0.0,639,0,4,-0.0,2.0
Breast,0.0,640,0,18,-0.0,16.0
Breast,1.0,641,2,33,0.0,30.0
Breast,1.0,646,3,15,1.0,15.0
Breast,0.0,648,0,34,0.0,32.0
Breast,0.0,655,0,38,-0.0,45.0
Breast,0.0,656,0,22,0.0,28.0
Breast,0.0,658,0,9,0.0,5.0
Breast,0.0,659,0,7,3.0,9.0
Breast,1.0,663,1,36,0.0,38.0
Breast,1.0,681,21,21,14.0,18.0
Breast,1.0,683,12,13,13.0,13.0
Breast,0.0,684,0,39,4.0,42.0
Breast,1.0,689,7,10,7.0,10.0
Breast,0.0,690,0,40,0.0,47.0
Breast,1.0,696,13,17,16.0,14.0
Breast,1.0,698,13,14,12.0,13.0
Breast,1.0,699,8,16,11.0,13.0
Breast,0.0,702,0,9,3.0,8.0
Breast,1.0,703,8,9,7.0,10.0
Breast,1.0,709,9,10,10.0,10.0
Colon,1.0,739,16,31,21.0,36.0
Colon,0.0,746,0,11,0.0,8.0
Colon,0.0,751,0,25,-0.0,32.0
Colon,0.0,752,0,2,1.0,2.0
Colon,1.0,758,27,27,26.0,32.0
Colon,1.0,759,36,37,33.0,39.0
Colon,0.0,764,0,15,0.0,20.0
Colon,1.0,772,39,42,30.0,40.0
Colon,1.0,775,3,11,4.0,11.0
Colon,0.0,778,0,3,-0.0,1.0
Colon,1.0,791,30,31,35.0,35.0
Colon,0.0,802,0,14,0.0,16.0
Colon,0.0,825,0,105,-0.0,110.0
Colon,0.0,829,0,1,0.0,1.0
Colon,0.0,833,0,0,0.0,0.0
Colon,1.0,836,4,47,9.0,45.0
Colon,0.0,841,0,18,1.0,13.0
Colon,0.0,850,0,24,1.0,29.0
Colon,1.0,859,12,39,10.0,43.0
Colon,1.0,860,24,28,23.0,24.0
Lung,1.0,868,11,25,18.0,23.0
Lung,1.0,881,29,34,27.0,32.0
Lung,1.0,887,20,21,24.0,23.0
Lung,1.0,888,14,18,18.0,17.0
Breast,1.0,899,13,18,13.0,15.0
Breast,1.0,906,43,51,33.0,46.0
Colon,1.0,910,25,33,32.0,36.0
Kidney,1.0,913,14,23,16.0,24.0
Kidney,1.0,914,10,17,12.0,18.0
Prostate,1.0,920,19,22,19.0,20.0
Breast,1.0,927,16,16,21.0,20.0
Bladder,1.0,932,20,27,24.0,25.0
Prostate,1.0,943,30,34,30.0,33.0
Prostate,1.0,949,20,26,21.0,22.0
Prostate,1.0,950,20,26,23.0,27.0
Kidney,1.0,960,91,92,83.0,88.0
Colon,1.0,965,10,19,17.0,19.0
Stomach,0.0,966,0,49,14.0,49.0
Ovarian,0.0,970,0,14,2.0,13.0
Esophagus,1.0,979,39,39,45.0,45.0
Esophagus,1.0,991,53,54,44.0,49.0
Esophagus,0.0,998,0,0,-0.0,1.0
Esophagus,0.0,999,0,3,0.0,4.0
Esophagus,0.0,1012,0,10,8.0,12.0
Pancreatic,1.0,1019,20,55,25.0,58.0
Lung,1.0,1032,15,41,16.0,42.0
Lung,1.0,1043,5,22,6.0,24.0
Lung,1.0,1045,22,27,17.0,22.0
Lung,1.0,1047,1,19,9.0,19.0
Lung,1.0,1049,24,25,15.0,20.0
Lung,1.0,1052,7,24,4.0,17.0
Lung,0.0,1053,0,8,3.0,7.0
Lung,1.0,1058,9,28,13.0,19.0
Uterus,0.0,1062,0,196,0.0,225.0
Thyroid,1.0,1065,11,16,4.0,17.0
Thyroid,1.0,1078,16,23,13.0,21.0
Thyroid,0.0,1084,0,11,3.0,13.0
Skin,0.0,1086,0,95,2.0,85.0
Cervix,0.0,1092,0,8,1.0,4.0
Thyroid,0.0,1097,0,5,0.0,6.0
Thyroid,1.0,1113,19,23,26.0,28.0
Esophagus,0.0,1118,0,12,0.0,10.0
Esophagus,0.0,1123,0,5,-0.0,5.0
Esophagus,0.0,1124,0,3,0.0,4.0
Esophagus,0.0,1125,0,12,0.0,13.0
Esophagus,0.0,1127,0,18,0.0,14.0
Esophagus,0.0,1128,0,14,-0.0,6.0
Esophagus,0.0,1129,0,16,0.0,13.0
Esophagus,1.0,1133,21,30,21.0,30.0
Esophagus,1.0,1146,21,34,30.0,32.0
Cervix,0.0,1148,0,0,0.0,0.0
Cervix,0.0,1149,0,0,1.0,1.0
Cervix,0.0,1154,0,1,0.0,-0.0
Cervix,0.0,1161,0,0,0.0,0.0
Cervix,0.0,1162,0,3,-0.0,3.0
Adrenal_gland,1.0,1172,19,22,20.0,23.0
Adrenal_gland,1.0,1184,21,25,27.0,29.0
Adrenal_gland,1.0,1191,6,6,6.0,7.0
Adrenal_gland,1.0,1192,7,7,8.0,10.0
Adrenal_gland,1.0,1205,6,6,6.0,7.0
Adrenal_gland,1.0,1214,6,7,10.0,10.0
Esophagus,1.0,1227,15,15,12.0,14.0
Esophagus,1.0,1234,14,15,13.0,14.0
Esophagus,1.0,1235,9,12,14.0,15.0
Esophagus,0.0,1238,0,13,0.0,12.0
Esophagus,0.0,1246,0,11,4.0,9.0
Esophagus,1.0,1249,13,15,13.0,17.0
Esophagus,1.0,1252,21,21,23.0,24.0
Esophagus,1.0,1253,11,20,11.0,22.0
Adrenal_gland,0.0,1264,0,25,-0.0,25.0
Adrenal_gland,0.0,1265,0,17,-0.0,18.0
Adrenal_gland,0.0,1266,0,15,7.0,20.0
Adrenal_gland,1.0,1268,1,26,0.0,31.0
Adrenal_gland,0.0,1269,0,29,-0.0,26.0
Adrenal_gland,0.0,1270,0,21,5.0,24.0
Adrenal_gland,0.0,1274,0,31,1.0,33.0
Pancreatic,0.0,1286,0,20,0.0,18.0
Pancreatic,1.0,1292,6,10,3.0,11.0
Pancreatic,0.0,1293,0,9,0.0,12.0
Adrenal_gland,1.0,1311,5,18,3.0,16.0
Cervix,1.0,1323,18,25,18.0,24.0
Cervix,1.0,1337,4,31,15.0,32.0
Cervix,1.0,1338,22,27,22.0,24.0
Cervix,1.0,1339,20,31,18.0,31.0
Cervix,1.0,1341,18,25,17.0,26.0
Cervix,1.0,1343,19,26,19.0,32.0
Cervix,1.0,1347,17,28,15.0,33.0
Cervix,1.0,1360,24,34,17.0,31.0
Cervix,1.0,1369,14,31,6.0,25.0
Bile-duct,0.0,1371,0,11,4.0,12.0
Bile-duct,1.0,1383,9,25,5.0,21.0
Bile-duct,1.0,1390,13,13,13.0,14.0
Bile-duct,1.0,1391,22,23,20.0,22.0
Bile-duct,1.0,1404,14,14,17.0,14.0
Testis,1.0,1412,16,20,17.0,22.0
Testis,0.0,1425,0,32,0.0,32.0
Testis,0.0,1431,0,27,2.0,35.0
Testis,0.0,1432,0,0,-0.0,0.0
Bile-duct,1.0,1448,34,36,36.0,37.0
Bile-duct,1.0,1453,13,19,14.0,17.0
Bile-duct,1.0,1454,14,16,14.0,14.0
Bile-duct,1.0,1455,6,18,7.0,15.0
Bile-duct,1.0,1457,16,22,15.0,20.0
Bile-duct,1.0,1458,18,29,17.0,28.0
Bile-duct,0.0,1459,0,3,0.0,3.0
Bile-duct,0.0,1463,0,43,4.0,50.0
Bile-duct,1.0,1476,6,12,5.0,15.0
Colon,0.0,1487,0,189,0.0,160.0
Colon,1.0,1490,59,60,56.0,55.0
Colon,0.0,1494,0,60,3.0,53.0
Colon,0.0,1495,0,60,1.0,52.0
Colon,0.0,1496,0,23,-0.0,29.0
Colon,1.0,1504,3,59,6.0,59.0
Colon,1.0,1505,1,47,2.0,54.0
Colon,0.0,1510,0,24,0.0,15.0
Adrenal_gland,1.0,1521,35,41,27.0,30.0
Adrenal_gland,0.0,1528,0,4,1.0,4.0
Adrenal_gland,0.0,1529,0,14,-0.0,17.0
Adrenal_gland,1.0,1532,7,8,7.0,7.0
Adrenal_gland,1.0,1540,23,23,26.0,26.0
Adrenal_gland,0.0,1543,0,5,5.0,5.0
Adrenal_gland,0.0,1546,0,4,-0.0,2.0
Adrenal_gland,0.0,1547,0,7,0.0,4.0
Adrenal_gland,1.0,1562,11,13,10.0,13.0
Adrenal_gland,1.0,1571,15,19,14.0,17.0
Bile-duct,0.0,1581,0,32,0.0,30.0
Bile-duct,1.0,1588,5,23,10.0,23.0
Bile-duct,1.0,1589,2,15,3.0,16.0
Bile-duct,1.0,1592,9,15,12.0,13.0
Bile-duct,0.0,1600,0,10,2.0,10.0
Bile-duct,0.0,1603,0,15,0.0,12.0
Bile-duct,0.0,1606,0,43,0.0,41.0
Bile-duct,1.0,1607,21,28,27.0,28.0
Bile-duct,1.0,1622,21,36,20.0,35.0
Bile-duct,0.0,1631,0,2,-0.0,1.0
Bile-duct,1.0,1635,13,16,14.0,16.0
Bile-duct,0.0,1650,0,26,1.0,27.0
Bile-duct,0.0,1652,0,22,2.0,28.0
Bladder,0.0,1672,0,8,0.0,7.0
Bladder,0.0,1678,0,4,1.0,6.0
Breast,0.0,1682,0,2,0.0,1.0
Breast,0.0,1684,0,34,1.0,32.0
Breast,1.0,1687,8,26,14.0,26.0
Breast,0.0,1689,0,25,1.0,21.0
Breast,0.0,1690,0,32,3.0,33.0
Breast,1.0,1694,5,23,1.0,20.0
Breast,1.0,1696,18,18,19.0,18.0
Breast,1.0,1700,22,23,22.0,23.0
Breast,0.0,1705,0,0,0.0,3.0
Breast,1.0,1710,15,15,15.0,15.0
Breast,1.0,1711,12,12,11.0,13.0
Breast,1.0,1712,13,15,14.0,17.0
Breast,1.0,1716,19,21,18.0,18.0
Breast,0.0,1718,0,8,0.0,8.0
Breast,0.0,1722,0,12,0.0,10.0
Breast,0.0,1725,0,0,0.0,0.0
Breast,1.0,1736,26,42,17.0,42.0
Breast,1.0,1743,45,47,38.0,41.0
Cervix,0.0,1750,0,0,0.0,0.0
Cervix,1.0,1754,47,47,46.0,47.0
Cervix,1.0,1755,38,45,33.0,44.0
Cervix,1.0,1756,4,23,3.0,24.0
Cervix,1.0,1758,41,42,38.0,38.0
Cervix,1.0,1766,6,19,9.0,17.0
Cervix,1.0,1769,39,39,39.0,37.0
Cervix,1.0,1770,26,34,28.0,37.0
Cervix,1.0,1773,8,27,16.0,31.0
Cervix,0.0,1777,0,16,0.0,10.0
Cervix,1.0,1788,47,48,43.0,45.0
Cervix,1.0,1796,34,36,34.0,42.0
Cervix,1.0,1797,45,47,38.0,43.0
Cervix,1.0,1798,28,32,25.0,34.0
Cervix,1.0,1801,24,27,24.0,28.0
Cervix,1.0,1816,14,14,15.0,16.0
Cervix,1.0,1818,41,46,37.0,38.0
Colon,0.0,1832,0,23,0.0,22.0
Colon,0.0,1833,0,27,-0.0,24.0
Colon,0.0,1835,0,19,0.0,15.0
Colon,0.0,1843,0,21,0.0,20.0
Colon,0.0,1846,0,11,0.0,7.0
Colon,0.0,1847,0,2,-0.0,4.0
Colon,0.0,1848,0,23,-0.0,22.0
Colon,1.0,1851,1,19,0.0,21.0
Colon,0.0,1852,0,23,-0.0,26.0
Colon,0.0,1853,0,28,2.0,29.0
Colon,0.0,1862,0,15,1.0,13.0
Colon,0.0,1865,0,11,1.0,10.0
Colon,0.0,1871,0,6,-0.0,7.0
Colon,0.0,1875,0,9,0.0,7.0
Colon,0.0,1876,0,4,1.0,4.0
Colon,0.0,1887,0,11,1.0,12.0
Colon,0.0,1892,0,6,1.0,4.0
Colon,0.0,1898,0,6,-0.0,5.0
Colon,0.0,1899,0,16,1.0,12.0
Colon,0.0,1908,0,21,-0.0,21.0
Colon,0.0,1915,0,26,2.0,19.0
Colon,0.0,1922,0,2,1.0,2.0
Colon,0.0,1925,0,9,-0.0,7.0
Colon,0.0,1929,0,16,-0.0,16.0
Colon,0.0,1934,0,16,0.0,21.0
Colon,0.0,1939,0,0,-0.0,-0.0
Colon,0.0,1941,0,4,0.0,2.0
Colon,0.0,1961,0,27,-0.0,25.0
Colon,0.0,1963,0,17,-0.0,19.0
Colon,0.0,1976,0,0,0.0,0.0
Colon,0.0,1983,0,27,0.0,30.0
Colon,0.0,1989,0,18,0.0,14.0
Colon,0.0,1991,0,28,-0.0,27.0
Colon,0.0,2024,0,18,0.0,18.0
Colon,0.0,2025,0,10,0.0,15.0
Colon,0.0,2030,0,17,-0.0,19.0
Colon,0.0,2031,0,21,0.0,18.0
Colon,0.0,2033,0,16,1.0,21.0
Colon,0.0,2037,0,20,0.0,16.0
Colon,0.0,2038,0,15,-0.0,10.0
Colon,0.0,2043,0,20,-0.0,21.0
Colon,0.0,2046,0,17,0.0,20.0
Colon,0.0,2047,0,21,0.0,14.0
Colon,0.0,2048,0,4,1.0,4.0
Colon,0.0,2049,0,16,0.0,13.0
Colon,0.0,2052,0,22,1.0,19.0
Esophagus,1.0,2064,48,48,38.0,38.0
Esophagus,1.0,2073,15,17,23.0,24.0
Esophagus,1.0,2077,10,21,14.0,23.0
Esophagus,0.0,2092,0,24,1.0,25.0
Esophagus,0.0,2094,0,25,-0.0,26.0
HeadNeck,1.0,2099,13,19,14.0,19.0
HeadNeck,0.0,2111,0,0,-0.0,-0.0
HeadNeck,0.0,2118,0,94,0.0,105.0
HeadNeck,0.0,2119,0,88,-0.0,93.0
HeadNeck,0.0,2132,0,0,-0.0,0.0
HeadNeck,0.0,2141,0,16,-0.0,18.0
HeadNeck,0.0,2146,0,11,0.0,6.0
HeadNeck,0.0,2147,0,5,0.0,4.0
HeadNeck,0.0,2148,0,12,2.0,14.0
HeadNeck,0.0,2150,0,13,0.0,14.0
HeadNeck,0.0,2151,0,11,0.0,11.0
HeadNeck,0.0,2152,0,16,0.0,16.0
HeadNeck,1.0,2156,1,12,0.0,16.0
Kidney,1.0,2172,21,24,21.0,25.0
Kidney,1.0,2173,25,25,23.0,27.0
Kidney,0.0,2175,0,1,-0.0,0.0
Kidney,0.0,2181,0,9,-0.0,10.0
Liver,1.0,2190,15,17,6.0,19.0
Liver,1.0,2203,17,22,15.0,20.0
Liver,0.0,2209,0,71,1.0,58.0
Liver,0.0,2210,0,65,1.0,65.0
Liver,1.0,2226,30,30,30.0,30.0
Liver,0.0,2237,0,27,10.0,26.0
Liver,1.0,2239,3,16,7.0,17.0
Liver,1.0,2241,3,16,9.0,21.0
Liver,0.0,2243,0,11,1.0,9.0
Liver,0.0,2246,0,19,0.0,18.0
Liver,1.0,2247,12,24,11.0,25.0
Liver,1.0,2252,15,18,15.0,18.0
Lung,1.0,2259,24,26,21.0,20.0
Lung,1.0,2262,13,17,19.0,20.0
Ovarian,0.0,2273,0,42,0.0,49.0
Ovarian,0.0,2279,0,16,7.0,15.0
Ovarian,0.0,2280,0,18,0.0,15.0
Ovarian,1.0,2291,1,17,-0.0,20.0
Ovarian,1.0,2296,21,42,25.0,40.0
Ovarian,1.0,2307,25,27,28.0,29.0
Ovarian,1.0,2311,30,30,33.0,33.0
Pancreatic,1.0,2319,6,6,9.0,9.0
Pancreatic,1.0,2330,29,29,25.0,28.0
Pancreatic,0.0,2332,0,25,0.0,20.0
Pancreatic,0.0,2334,0,40,0.0,37.0
Pancreatic,0.0,2336,0,25,0.0,28.0
Pancreatic,0.0,2339,0,37,-0.0,45.0
Pancreatic,0.0,2340,0,56,5.0,46.0
Pancreatic,0.0,2345,0,12,0.0,13.0
Pancreatic,0.0,2353,0,6,3.0,7.0
Pancreatic,0.0,2356,0,22,0.0,21.0
Prostate,0.0,2373,0,22,1.0,22.0
Prostate,1.0,2384,48,48,33.0,39.0
Prostate,1.0,2386,18,31,22.0,32.0
Prostate,1.0,2388,44,44,40.0,40.0
Prostate,1.0,2390,37,37,31.0,33.0
Prostate,0.0,2393,0,3,1.0,2.0
Prostate,0.0,2394,0,2,1.0,1.0
Prostate,0.0,2399,0,10,-0.0,7.0
Prostate,0.0,2407,0,0,0.0,0.0
Prostate,1.0,2410,23,23,21.0,21.0
Skin,1.0,2421,55,59,56.0,60.0
Skin,1.0,2427,62,64,65.0,73.0
Skin,0.0,2428,0,7,-0.0,4.0
Skin,1.0,2444,19,20,17.0,18.0
Skin,1.0,2455,21,29,17.0,28.0
Skin,1.0,2457,18,29,19.0,25.0
Skin,1.0,2459,17,28,10.0,26.0
Skin,0.0,2461,0,3,-0.0,4.0
Skin,0.0,2464,0,0,1.0,0.0
Skin,0.0,2465,0,0,1.0,3.0
Stomach,1.0,2476,38,42,37.0,44.0
Stomach,1.0,2482,19,38,27.0,41.0
Stomach,1.0,2483,33,34,30.0,34.0
Stomach,1.0,2494,26,28,25.0,30.0
Stomach,0.0,2499,0,8,1.0,7.0
Stomach,1.0,2510,3,29,1.0,35.0
Testis,0.0,2514,0,2,1.0,1.0
Testis,1.0,2525,9,90,8.0,83.0
Testis,1.0,2527,5,41,2.0,43.0
Testis,1.0,2529,12,48,16.0,45.0
Testis,1.0,2531,23,24,29.0,29.0
Testis,1.0,2534,19,26,17.0,21.0
Testis,1.0,2535,19,20,20.0,21.0
Thyroid,0.0,2546,0,21,0.0,23.0
Thyroid,0.0,2548,0,12,-0.0,18.0
Thyroid,0.0,2550,0,0,1.0,1.0
Thyroid,0.0,2552,0,0,1.0,1.0
Thyroid,0.0,2555,0,32,9.0,31.0
Thyroid,0.0,2556,0,28,0.0,24.0
Thyroid,0.0,2561,0,18,0.0,18.0
Thyroid,1.0,2569,9,32,8.0,31.0
Thyroid,0.0,2572,0,48,-0.0,43.0
Uterus,1.0,2589,61,66,54.0,59.0
Colon,0.0,2596,0,8,0.0,8.0
Colon,0.0,2615,0,57,2.0,59.0
Colon,0.0,2619,0,43,0.0,42.0
Colon,0.0,2630,0,14,-0.0,14.0
Colon,1.0,2633,22,55,21.0,60.0
Colon,0.0,2637,0,2,0.0,1.0
Colon,0.0,2641,0,3,0.0,1.0
Colon,1.0,2644,52,53,45.0,65.0
Colon,1.0,2647,41,46,43.0,54.0
Colon,1.0,2650,27,72,25.0,66.0
Colon,1.0,2652,10,90,5.0,81.0
Breast,1.0,2659,8,10,9.0,10.0
Breast,1.0,2662,8,9,9.0,10.0
Breast,1.0,2664,13,16,12.0,15.0
Breast,1.0,2666,7,11,8.0,10.0
Breast,1.0,2680,5,8,5.0,8.0
Breast,1.0,2682,7,13,2.0,12.0
Breast,0.0,2683,0,7,-0.0,7.0
Breast,0.0,2689,0,24,-0.0,22.0
Breast,0.0,2692,0,9,0.0,10.0
Breast,0.0,2695,0,12,-0.0,11.0
Breast,0.0,2699,0,17,0.0,20.0
Breast,0.0,2705,0,31,1.0,26.0
Breast,0.0,2706,0,20,-0.0,19.0
Breast,0.0,2707,0,17,0.0,18.0
Breast,0.0,2709,0,26,-0.0,21.0
Breast,0.0,2712,0,23,1.0,21.0
Breast,1.0,2724,5,9,4.0,10.0
Breast,1.0,2725,2,10,3.0,6.0
Breast,0.0,2740,0,20,2.0,19.0
Breast,1.0,2749,17,19,16.0,19.0
Breast,1.0,2764,38,39,32.0,39.0
Breast,1.0,2783,8,12,12.0,12.0
Breast,1.0,2784,3,5,3.0,5.0
Breast,0.0,2785,0,27,6.0,28.0
Breast,0.0,2786,0,39,2.0,35.0
Breast,0.0,2788,0,47,5.0,44.0
Breast,1.0,2789,8,14,9.0,17.0
Breast,1.0,2800,2,3,2.0,4.0
Breast,1.0,2801,2,7,1.0,5.0
Breast,0.0,2804,0,14,2.0,15.0
Breast,0.0,2809,0,69,0.0,71.0
Breast,0.0,2820,0,23,1.0,26.0
Breast,0.0,2821,0,25,0.0,22.0
Breast,0.0,2824,0,43,-0.0,43.0
Breast,0.0,2825,0,32,1.0,29.0
Breast,0.0,2831,0,28,1.0,30.0
Breast,0.0,2832,0,6,0.0,2.0
Breast,0.0,2837,0,34,-0.0,34.0
Breast,0.0,2840,0,9,1.0,9.0
Breast,0.0,2841,0,20,1.0,17.0
Breast,0.0,2844,0,25,12.0,26.0
Breast,0.0,2845,0,20,0.0,22.0
Breast,0.0,2849,0,40,0.0,43.0
Breast,0.0,2850,0,18,0.0,19.0
Breast,0.0,2857,0,29,0.0,34.0
Breast,0.0,2867,0,40,-0.0,41.0
Breast,0.0,2868,0,8,0.0,5.0
Breast,0.0,2874,0,51,9.0,47.0
Breast,0.0,2880,0,2,0.0,2.0
Breast,0.0,2888,0,29,1.0,33.0
Breast,0.0,2889,0,49,-0.0,48.0
Breast,0.0,2895,0,40,3.0,40.0
Breast,0.0,2898,0,45,-0.0,48.0
Breast,0.0,2899,0,47,0.0,49.0
Breast,1.0,2905,18,19,14.0,18.0
Breast,1.0,2906,13,13,20.0,20.0
Breast,0.0,2910,0,38,13.0,32.0
Breast,1.0,2911,14,14,18.0,18.0
Breast,0.0,2921,0,33,1.0,31.0
Breast,1.0,2924,21,25,19.0,27.0
Breast,1.0,2928,6,25,-0.0,28.0
Breast,0.0,2938,0,11,0.0,10.0
Breast,0.0,2944,0,37,0.0,36.0
Breast,0.0,2948,0,9,3.0,8.0
Breast,1.0,2952,21,22,18.0,21.0
Breast,1.0,2955,4,14,6.0,15.0
Breast,1.0,2958,21,26,19.0,23.0
Breast,1.0,2959,18,20,20.0,22.0
Breast,1.0,2965,15,17,21.0,21.0
Breast,1.0,2968,23,24,20.0,21.0
Breast,1.0,2970,20,26,13.0,22.0
Breast,1.0,2976,15,15,12.0,15.0
Breast,1.0,2977,12,13,7.0,10.0
Breast,1.0,2979,9,9,8.0,10.0
Breast,0.0,2981,0,14,1.0,14.0
Breast,0.0,2982,0,11,1.0,12.0
Breast,0.0,2983,0,14,6.0,13.0
Breast,1.0,2987,6,12,4.0,9.0
Breast,1.0,2991,23,23,21.0,23.0
Breast,0.0,2995,0,2,0.0,2.0
Breast,1.0,3009,9,17,8.0,11.0
Breast,1.0,3012,3,11,5.0,9.0
Breast,1.0,3013,15,16,13.0,15.0
Breast,1.0,3020,7,21,10.0,19.0
Breast,1.0,3032,2,32,7.0,32.0
Breast,1.0,3041,14,15,15.0,15.0
Breast,0.0,3042,0,18,-0.0,17.0
Breast,1.0,3044,7,16,5.0,13.0
Breast,1.0,3047,12,14,15.0,15.0
Breast,1.0,3048,2,5,3.0,4.0
Breast,1.0,3056,9,27,4.0,17.0
Breast,1.0,3067,7,10,8.0,11.0
Breast,1.0,3072,31,34,11.0,33.0
Breast,1.0,3075,2,15,-0.0,14.0
Breast,1.0,3086,3,14,5.0,12.0
Breast,1.0,3089,3,9,4.0,9.0
Breast,1.0,3096,11,17,9.0,13.0
Breast,1.0,3104,6,10,4.0,8.0
Breast,1.0,3105,11,18,14.0,17.0
Breast,1.0,3106,2,8,6.0,9.0
Breast,1.0,3111,4,11,5.0,10.0
Breast,1.0,3120,7,16,6.0,13.0
Breast,1.0,3123,4,14,4.0,10.0
Breast,0.0,3124,0,17,0.0,17.0
Breast,1.0,3126,10,11,12.0,15.0
Breast,1.0,3129,3,7,3.0,6.0
Breast,1.0,3135,13,23,14.0,20.0
Breast,1.0,3137,15,25,18.0,19.0
Breast,1.0,3141,19,20,15.0,18.0
Breast,0.0,3154,0,36,-0.0,32.0
Breast,1.0,3156,11,25,14.0,26.0
Breast,1.0,3175,2,12,4.0,10.0
Breast,0.0,3177,0,19,1.0,14.0
Breast,0.0,3183,0,12,2.0,7.0
Breast,1.0,3192,19,20,21.0,22.0
Breast,0.0,3194,0,4,-0.0,4.0
Breast,1.0,3196,20,23,24.0,27.0
Breast,0.0,3198,0,2,-0.0,1.0
Breast,1.0,3202,11,11,10.0,11.0
Breast,1.0,3219,14,17,13.0,15.0
Breast,0.0,3229,0,16,1.0,19.0
Breast,1.0,3237,11,19,0.0,23.0
Breast,1.0,3238,1,6,-0.0,5.0
Breast,1.0,3244,2,25,0.0,21.0
Breast,0.0,3245,0,13,0.0,10.0
Breast,1.0,3263,8,18,7.0,17.0
Breast,0.0,3267,0,21,-0.0,22.0
Breast,1.0,3268,20,22,14.0,17.0
Breast,1.0,3269,32,32,35.0,34.0
Breast,1.0,3272,19,23,17.0,20.0
Breast,0.0,3274,0,37,0.0,41.0
Breast,0.0,3279,0,22,0.0,19.0
Breast,0.0,3287,0,47,0.0,44.0
Breast,0.0,3299,0,21,3.0,17.0
Breast,1.0,3307,9,10,10.0,11.0
Breast,1.0,3308,7,9,9.0,10.0
Breast,1.0,3311,9,10,13.0,13.0
Breast,1.0,3313,10,12,10.0,13.0
Breast,1.0,3314,1,6,2.0,6.0
Breast,1.0,3324,11,18,3.0,9.0
Breast,0.0,3325,0,13,1.0,15.0
Breast,1.0,3326,11,11,10.0,11.0
Breast,1.0,3327,14,16,14.0,15.0
Breast,1.0,3329,5,8,8.0,11.0
Colon,0.0,3339,0,2,4.0,4.0
Colon,0.0,3343,0,20,-0.0,19.0
Colon,1.0,3347,30,32,28.0,32.0
Colon,0.0,3357,0,9,1.0,24.0
Colon,1.0,3363,16,18,18.0,23.0
Colon,0.0,3364,0,34,2.0,40.0
Colon,0.0,3365,0,18,0.0,21.0
Colon,0.0,3375,0,8,1.0,8.0
Colon,0.0,3379,0,2,0.0,0.0
Colon,1.0,3395,23,23,30.0,28.0
Colon,0.0,3401,0,82,0.0,85.0
Colon,0.0,3405,0,0,-0.0,0.0
Colon,0.0,3411,0,16,2.0,15.0
Colon,0.0,3417,0,12,2.0,12.0
Colon,1.0,3418,2,30,1.0,22.0
Colon,0.0,3419,0,101,0.0,113.0
Colon,0.0,3420,0,90,1.0,102.0
Lung,1.0,3434,24,30,27.0,28.0
Lung,1.0,3435,15,31,24.0,29.0
Breast,0.0,3436,0,31,-0.0,33.0
Breast,1.0,3447,17,20,12.0,21.0
Kidney,1.0,3454,19,24,21.0,24.0
Bladder,1.0,3471,19,19,21.0,22.0
Breast,1.0,3478,5,32,4.0,28.0
Kidney,1.0,3488,63,85,45.0,78.0
Stomach,0.0,3503,0,100,2.0,96.0
Colon,1.0,3506,24,32,26.0,31.0
Stomach,0.0,3514,0,89,0.0,89.0
Ovarian,1.0,3519,34,35,27.0,26.0
Esophagus,1.0,3526,46,47,51.0,53.0
Esophagus,1.0,3527,46,46,47.0,49.0
Esophagus,1.0,3532,38,38,46.0,44.0
Esophagus,0.0,3535,0,5,0.0,4.0
Esophagus,0.0,3540,0,9,4.0,10.0
Lung,1.0,3554,26,59,25.0,66.0
Lung,1.0,3561,18,61,26.0,61.0
Lung,1.0,3564,26,78,47.0,78.0
Lung,1.0,3565,44,87,32.0,78.0
Lung,1.0,3568,9,19,14.0,21.0
Lung,1.0,3569,28,28,19.0,24.0
Lung,1.0,3578,1,24,10.0,27.0
Lung,1.0,3583,19,43,23.0,42.0
Thyroid,0.0,3596,0,31,-0.0,27.0
Thyroid,0.0,3597,0,26,2.0,30.0
Thyroid,0.0,3601,0,15,0.0,18.0
Skin,1.0,3612,19,26,16.0,24.0
Skin,0.0,3620,0,29,12.0,26.0
Skin,0.0,3623,0,36,5.0,39.0
Thyroid,0.0,3628,0,12,0.0,16.0
Thyroid,0.0,3631,0,5,1.0,4.0
Thyroid,0.0,3632,0,1,0.0,2.0
Thyroid,0.0,3635,0,4,1.0,4.0
Thyroid,0.0,3636,0,4,1.0,3.0
Thyroid,1.0,3645,28,33,31.0,39.0
Esophagus,0.0,3650,0,12,0.0,11.0
Esophagus,0.0,3651,0,15,-0.0,13.0
Esophagus,0.0,3652,0,26,1.0,20.0
Esophagus,0.0,3653,0,10,1.0,9.0
Esophagus,0.0,3654,0,14,0.0,12.0
Esophagus,1.0,3664,36,44,38.0,46.0
Esophagus,1.0,3668,33,34,26.0,30.0
Esophagus,1.0,3670,22,30,24.0,29.0
Esophagus,1.0,3675,29,30,32.0,32.0
Esophagus,0.0,3677,0,28,0.0,22.0
Cervix,0.0,3680,0,2,-0.0,2.0
Cervix,0.0,3683,0,1,0.0,-0.0
Cervix,0.0,3686,0,8,0.0,5.0
Adrenal_gland,1.0,3687,17,18,17.0,19.0
Adrenal_gland,0.0,3702,0,4,0.0,3.0
Adrenal_gland,1.0,3704,11,11,9.0,10.0
Adrenal_gland,1.0,3713,14,15,13.0,15.0
Adrenal_gland,1.0,3714,9,12,9.0,12.0
Adrenal_gland,1.0,3719,10,13,11.0,14.0
Adrenal_gland,1.0,3722,9,11,8.0,9.0
Adrenal_gland,1.0,3727,17,18,13.0,12.0
Esophagus,1.0,3732,11,12,14.0,15.0
Esophagus,1.0,3750,23,24,27.0,28.0
Esophagus,1.0,3756,15,19,14.0,23.0
Esophagus,1.0,3758,2,13,1.0,10.0
Adrenal_gland,0.0,3773,0,25,2.0,23.0
Adrenal_gland,0.0,3774,0,24,2.0,23.0
Adrenal_gland,0.0,3775,0,33,0.0,36.0
Adrenal_gland,0.0,3776,0,42,5.0,40.0
Adrenal_gland,0.0,3777,0,27,3.0,25.0
Pancreatic,0.0,3787,0,22,-0.0,17.0
Pancreatic,0.0,3788,0,11,-0.0,9.0
Pancreatic,1.0,3792,7,13,6.0,12.0
Pancreatic,1.0,3799,25,27,19.0,27.0
Pancreatic,1.0,3802,22,28,22.0,25.0
Pancreatic,1.0,3803,2,12,-0.0,9.0
Adrenal_gland,1.0,3813,3,7,2.0,9.0
Adrenal_gland,1.0,3817,10,19,10.0,17.0
Adrenal_gland,1.0,3824,6,17,11.0,20.0
Adrenal_gland,1.0,3826,16,18,16.0,17.0
Cervix,1.0,3829,27,28,23.0,25.0
Cervix,1.0,3831,13,17,14.0,17.0
Cervix,1.0,3834,21,23,19.0,23.0
Cervix,0.0,3847,0,12,0.0,9.0
Cervix,0.0,3848,0,23,1.0,25.0
Cervix,0.0,3849,0,19,2.0,19.0
Bile-duct,1.0,3851,9,18,14.0,20.0
Bile-duct,1.0,3852,16,20,9.0,14.0
Bile-duct,1.0,3857,30,39,21.0,38.0
Bile-duct,1.0,3860,15,15,19.0,19.0
Bile-duct,1.0,3865,18,18,15.0,16.0
Testis,1.0,3872,27,27,22.0,23.0
Testis,1.0,3880,11,23,4.0,20.0
Testis,1.0,3883,7,24,7.0,24.0
Testis,0.0,3896,0,28,0.0,30.0
Testis,0.0,3897,0,0,0.0,0.0
Testis,0.0,3901,0,3,2.0,2.0
Testis,0.0,3908,0,37,3.0,35.0
Testis,0.0,3911,0,2,1.0,0.0
Testis,0.0,3912,0,10,2.0,10.0
Testis,1.0,3915,1,38,4.0,34.0
Testis,0.0,3916,0,44,2.0,42.0
Bile-duct,1.0,3930,1,14,3.0,11.0
Bile-duct,0.0,3931,0,10,2.0,8.0
Bile-duct,1.0,3932,12,20,13.0,20.0
Bile-duct,0.0,3933,0,6,2.0,3.0
Bile-duct,0.0,3934,0,5,1.0,5.0
Bile-duct,1.0,3944,6,26,14.0,25.0
Bile-duct,0.0,3948,0,56,2.0,56.0
Bile-duct,1.0,3950,8,31,4.0,33.0
Colon,1.0,3955,46,63,30.0,51.0
Colon,0.0,3961,0,32,0.0,24.0
Colon,1.0,3969,30,39,30.0,36.0
Colon,0.0,3977,0,20,0.0,20.0
Colon,0.0,3981,0,12,1.0,11.0
Adrenal_gland,1.0,3990,25,26,25.0,25.0
Adrenal_gland,0.0,4008,0,8,3.0,5.0
Adrenal_gland,0.0,4014,0,3,0.0,2.0
Adrenal_gland,0.0,4016,0,5,0.0,3.0
Adrenal_gland,1.0,4024,9,9,12.0,13.0
Adrenal_gland,0.0,4025,0,2,1.0,3.0
Adrenal_gland,1.0,4030,13,13,15.0,15.0
Adrenal_gland,1.0,4032,16,18,16.0,18.0
Adrenal_gland,1.0,4036,11,12,7.0,11.0
Adrenal_gland,1.0,4037,11,17,9.0,13.0
Adrenal_gland,1.0,4042,14,25,9.0,15.0
Adrenal_gland,1.0,4043,16,27,16.0,22.0
Adrenal_gland,0.0,4046,0,2,1.0,2.0
Adrenal_gland,1.0,4049,4,14,-0.0,14.0
Bile-duct,0.0,4059,0,0,8.0,7.0
Bile-duct,0.0,4061,0,25,0.0,25.0
Bile-duct,0.0,4064,0,29,1.0,30.0
Bile-duct,0.0,4082,0,19,0.0,17.0
Bile-duct,0.0,4083,0,30,0.0,36.0
Bile-duct,1.0,4088,21,37,29.0,38.0
Bile-duct,0.0,4090,0,0,1.0,1.0
Bile-duct,0.0,4098,0,2,0.0,0.0
Bile-duct,0.0,4099,0,6,-0.0,1.0
Bile-duct,1.0,4104,1,52,2.0,57.0
Bile-duct,0.0,4106,0,20,6.0,16.0
Bladder,1.0,4110,19,24,20.0,23.0
Bladder,1.0,4115,20,23,19.0,22.0
Bladder,0.0,4126,0,0,0.0,1.0
Bladder,0.0,4130,0,0,5.0,5.0
Bladder,0.0,4135,0,14,1.0,13.0
Bladder,0.0,4137,0,22,0.0,26.0
Bladder,0.0,4141,0,16,-0.0,21.0
Bladder,1.0,4149,30,30,30.0,30.0
Bladder,1.0,4152,30,30,26.0,30.0
Bladder,1.0,4153,26,28,29.0,32.0
Breast,0.0,4160,0,3,0.0,3.0
Breast,1.0,4165,14,17,23.0,22.0
Breast,1.0,4166,14,20,11.0,14.0
Breast,1.0,4167,10,22,8.0,19.0
Breast,1.0,4172,44,46,32.0,39.0
Breast,1.0,4206,84,92,74.0,86.0
Breast,1.0,4208,89,94,73.0,89.0
Cervix,0.0,4215,0,0,0.0,0.0
Cervix,1.0,4222,2,15,2.0,13.0
Cervix,1.0,4229,36,39,30.0,37.0
Colon,0.0,4235,0,13,0.0,14.0
Colon,0.0,4239,0,16,0.0,16.0
Colon,0.0,4244,0,26,0.0,21.0
Colon,0.0,4251,0,9,-0.0,5.0
Colon,0.0,4252,0,1,2.0,4.0
Colon,1.0,4253,5,20,0.0,23.0
Colon,0.0,4254,0,17,-0.0,21.0
Colon,0.0,4257,0,0,-0.0,0.0
Colon,0.0,4258,0,25,0.0,27.0
Colon,0.0,4259,0,9,1.0,7.0
Colon,0.0,4260,0,23,0.0,21.0
Colon,0.0,4270,0,8,0.0,6.0
Colon,0.0,4271,0,14,1.0,12.0
Colon,0.0,4275,0,15,2.0,12.0
Colon,0.0,4293,0,27,-0.0,25.0
Colon,0.0,4295,0,22,0.0,19.0
Colon,0.0,4298,0,9,1.0,9.0
Colon,0.0,4299,0,8,1.0,6.0
Colon,0.0,4310,0,22,0.0,21.0
Colon,0.0,4311,0,30,0.0,29.0
Colon,0.0,4314,0,3,0.0,2.0
Colon,0.0,4321,0,0,0.0,2.0
Colon,0.0,4331,0,23,-0.0,22.0
Colon,0.0,4337,0,16,0.0,15.0
Colon,0.0,4341,0,0,-0.0,0.0
Colon,0.0,4354,0,0,0.0,-0.0
Colon,0.0,4359,0,30,1.0,26.0
Colon,0.0,4360,0,32,0.0,29.0
Colon,0.0,4361,0,30,-0.0,29.0
Colon,0.0,4363,0,8,1.0,7.0
Colon,0.0,4375,0,18,-0.0,19.0
Colon,0.0,4378,0,14,1.0,12.0
Colon,0.0,4381,0,14,2.0,13.0
Colon,0.0,4387,0,24,0.0,24.0
Colon,0.0,4388,0,19,-0.0,21.0
Colon,0.0,4391,0,21,-0.0,21.0
Colon,0.0,4403,0,19,-0.0,15.0
Colon,0.0,4406,0,11,0.0,9.0
Colon,0.0,4407,0,15,0.0,15.0
Colon,0.0,4409,0,10,0.0,13.0
Colon,0.0,4412,0,19,0.0,15.0
Colon,0.0,4416,0,21,1.0,19.0
Colon,0.0,4417,0,17,1.0,16.0
Colon,0.0,4427,0,6,1.0,5.0
Colon,0.0,4433,0,9,1.0,7.0
Colon,0.0,4443,0,13,0.0,11.0
Colon,0.0,4447,0,20,-0.0,17.0
Colon,0.0,4452,0,9,-0.0,8.0
Colon,1.0,4466,28,28,24.0,30.0
Esophagus,1.0,4469,28,32,18.0,22.0
Esophagus,1.0,4470,27,27,25.0,24.0
Esophagus,1.0,4475,13,16,12.0,14.0
Esophagus,1.0,4477,11,34,7.0,38.0
Esophagus,1.0,4481,6,18,3.0,18.0
Esophagus,1.0,4482,12,20,15.0,22.0
Esophagus,0.0,4487,0,20,0.0,15.0
Esophagus,0.0,4488,0,23,1.0,25.0
Esophagus,1.0,4491,19,25,19.0,26.0
Esophagus,1.0,4494,5,20,6.0,21.0
HeadNeck,0.0,4502,0,0,1.0,1.0
HeadNeck,1.0,4511,15,17,19.0,19.0
HeadNeck,1.0,4518,2,28,4.0,25.0
HeadNeck,0.0,4519,0,33,2.0,31.0
HeadNeck,1.0,4522,13,17,13.0,19.0
HeadNeck,1.0,4530,12,22,5.0,24.0
HeadNeck,0.0,4533,0,51,19.0,57.0
HeadNeck,1.0,4536,2,5,2.0,4.0
HeadNeck,1.0,4537,21,55,16.0,64.0
HeadNeck,1.0,4552,6,66,9.0,79.0
HeadNeck,0.0,4561,0,8,1.0,8.0
HeadNeck,1.0,4565,1,13,-0.0,13.0
HeadNeck,0.0,4580,0,2,0.0,2.0
HeadNeck,0.0,4582,0,7,-0.0,5.0
HeadNeck,0.0,4591,0,4,0.0,4.0
HeadNeck,0.0,4592,0,0,-0.0,0.0
HeadNeck,0.0,4597,0,20,0.0,19.0
HeadNeck,0.0,4600,0,22,0.0,16.0
HeadNeck,0.0,4605,0,21,0.0,19.0
HeadNeck,1.0,4618,30,36,19.0,34.0
HeadNeck,1.0,4619,25,39,14.0,36.0
HeadNeck,1.0,4620,20,34,3.0,35.0
HeadNeck,0.0,4621,0,6,1.0,7.0
HeadNeck,0.0,4622,0,13,2.0,10.0
HeadNeck,1.0,4632,22,22,23.0,23.0
HeadNeck,1.0,4636,5,33,2.0,39.0
HeadNeck,1.0,4645,15,25,9.0,17.0
HeadNeck,1.0,4648,4,19,4.0,19.0
HeadNeck,1.0,4666,8,29,6.0,29.0
Kidney,0.0,4676,0,1,-0.0,0.0
Kidney,0.0,4679,0,1,1.0,2.0
Kidney,1.0,4687,30,37,25.0,31.0
Kidney,1.0,4691,24,28,25.0,31.0
Kidney,0.0,4692,0,4,3.0,5.0
Kidney,0.0,4697,0,13,6.0,13.0
Liver,1.0,4704,9,10,7.0,8.0
Liver,0.0,4707,0,9,1.0,5.0
Liver,0.0,4720,0,65,1.0,61.0
Liver,0.0,4721,0,70,5.0,67.0
Liver,0.0,4725,0,35,0.0,33.0
Liver,1.0,4732,4,26,3.0,23.0
Liver,1.0,4735,26,29,28.0,31.0
Liver,0.0,4736,0,12,-0.0,9.0
Liver,1.0,4739,17,17,19.0,17.0
Liver,1.0,4740,11,25,12.0,23.0
Liver,0.0,4749,0,13,4.0,13.0
Liver,0.0,4754,0,18,1.0,16.0
Liver,1.0,4762,18,18,14.0,15.0
Liver,1.0,4763,17,19,15.0,21.0
Lung,1.0,4769,4,12,5.0,15.0
Lung,1.0,4770,18,21,18.0,19.0
Ovarian,0.0,4773,0,8,0.0,7.0
Ovarian,0.0,4777,0,10,4.0,11.0
Ovarian,0.0,4785,0,31,4.0,31.0
Ovarian,1.0,4788,17,18,21.0,22.0
Ovarian,1.0,4789,21,21,15.0,16.0
Ovarian,1.0,4801,21,21,17.0,17.0
Ovarian,1.0,4802,19,20,21.0,21.0
Ovarian,1.0,4806,34,34,29.0,29.0
Pancreatic,0.0,4808,0,12,1.0,13.0
Pancreatic,0.0,4809,0,23,0.0,23.0
Pancreatic,1.0,4818,7,7,7.0,8.0
Pancreatic,1.0,4823,5,20,10.0,21.0
Pancreatic,0.0,4831,0,4,1.0,7.0
Pancreatic,0.0,4832,0,28,0.0,22.0
Pancreatic,0.0,4836,0,15,0.0,11.0
Pancreatic,0.0,4851,0,11,2.0,13.0
Pancreatic,0.0,4853,0,15,-0.0,14.0
Pancreatic,0.0,4859,0,9,1.0,7.0
Pancreatic,0.0,4862,0,15,0.0,18.0
Pancreatic,0.0,4864,0,19,-0.0,15.0
Prostate,0.0,4874,0,4,1.0,4.0
Prostate,1.0,4875,8,15,9.0,14.0
Prostate,0.0,4879,0,28,1.0,27.0
Prostate,1.0,4886,36,41,32.0,34.0
Prostate,0.0,4889,0,7,1.0,5.0
Prostate,0.0,4890,0,5,1.0,3.0
Prostate,1.0,4893,26,28,24.0,29.0
Prostate,1.0,4894,9,24,15.0,21.0
Skin,0.0,4913,0,10,4.0,4.0
Skin,1.0,4914,52,58,55.0,65.0
Skin,1.0,4918,65,72,62.0,68.0
Skin,0.0,4925,0,0,1.0,2.0
Skin,0.0,4928,0,94,0.0,95.0
Skin,0.0,4929,0,113,0.0,115.0
Skin,0.0,4932,0,109,0.0,108.0
Skin,0.0,4933,0,84,2.0,90.0
Skin,1.0,4942,34,36,36.0,39.0
Skin,1.0,4947,27,31,27.0,30.0
Skin,1.0,4955,17,22,14.0,18.0
Skin,1.0,4956,9,23,17.0,22.0
Stomach,0.0,4972,0,16,0.0,16.0
Stomach,1.0,4976,19,32,25.0,31.0
Stomach,1.0,4984,27,30,25.0,29.0
Stomach,1.0,4987,29,38,27.0,36.0
Stomach,1.0,4988,28,38,26.0,30.0
Stomach,1.0,5000,25,27,20.0,25.0
Stomach,1.0,5001,19,24,22.0,30.0
Stomach,0.0,5005,0,13,0.0,7.0
Testis,0.0,5015,0,11,3.0,7.0
Testis,1.0,5020,10,13,9.0,14.0
Testis,1.0,5028,27,29,26.0,27.0
Testis,1.0,5029,7,73,8.0,80.0
Testis,1.0,5033,9,39,15.0,40.0
Thyroid,0.0,5042,0,22,-0.0,25.0
Thyroid,0.0,5050,0,8,-0.0,7.0
Thyroid,0.0,5051,0,1,0.0,1.0
Thyroid,1.0,5070,21,29,26.0,35.0
Thyroid,1.0,5072,4,25,3.0,30.0
Thyroid,1.0,5078,12,27,17.0,29.0
Thyroid,0.0,5081,0,41,2.0,37.0
Uterus,1.0,5085,48,53,46.0,58.0
Uterus,1.0,5086,27,28,26.0,28.0
Colon,0.0,5089,0,90,0.0,68.0
Colon,0.0,5093,0,16,0.0,11.0
Colon,0.0,5096,0,9,-0.0,10.0
Colon,1.0,5103,5,29,4.0,29.0
Colon,1.0,5104,32,67,35.0,61.0
Colon,0.0,5110,0,12,1.0,8.0
Colon,1.0,5111,58,66,60.0,72.0
Colon,1.0,5113,47,47,56.0,56.0
Colon,0.0,5116,0,164,0.0,153.0
Colon,1.0,5124,37,39,20.0,30.0
Colon,0.0,5129,0,34,0.0,35.0
Colon,0.0,5130,0,22,0.0,24.0
Colon,1.0,5146,45,54,39.0,47.0
Colon,0.0,5161,0,20,1.0,15.0
Colon,0.0,5162,0,34,-0.0,16.0
Breast,1.0,5182,10,11,6.0,7.0
Breast,1.0,5188,10,11,8.0,12.0
Breast,1.0,5192,4,11,10.0,13.0
Breast,1.0,5198,7,9,10.0,11.0
Breast,0.0,5200,0,17,-0.0,13.0
Breast,1.0,5203,10,10,10.0,9.0
Breast,1.0,5206,1,11,2.0,11.0
Breast,1.0,5227,2,6,1.0,2.0
Breast,0.0,5230,0,45,0.0,46.0
Breast,0.0,5233,0,19,-0.0,20.0
Breast,0.0,5234,0,40,2.0,41.0
Breast,0.0,5237,0,13,0.0,13.0
Breast,0.0,5238,0,17,0.0,19.0
Breast,0.0,5239,0,27,0.0,29.0
Breast,0.0,5241,0,40,0.0,39.0
Breast,1.0,5246,1,25,0.0,24.0
Breast,1.0,5251,1,22,1.0,23.0
Breast,1.0,5264,17,18,14.0,15.0
Breast,1.0,5266,13,14,10.0,14.0
Breast,1.0,5267,6,14,9.0,16.0
Breast,1.0,5281,6,14,4.0,13.0
Breast,0.0,5282,0,72,1.0,84.0
Breast,0.0,5285,0,35,-0.0,37.0
Breast,0.0,5288,0,46,0.0,42.0
Breast,0.0,5289,0,46,1.0,40.0
Breast,0.0,5290,0,21,0.0,27.0
Breast,0.0,5291,0,18,0.0,20.0
Breast,0.0,5296,0,28,0.0,26.0
Breast,0.0,5298,0,45,0.0,43.0
Breast,0.0,5299,0,54,0.0,50.0
Breast,0.0,5301,0,15,2.0,13.0
Breast,0.0,5307,0,16,-0.0,17.0
Breast,0.0,5308,0,50,0.0,46.0
Breast,1.0,5310,12,14,13.0,13.0
Breast,1.0,5318,9,14,8.0,16.0
Breast,0.0,5324,0,20,-0.0,16.0
Breast,0.0,5325,0,50,2.0,45.0
Breast,0.0,5336,0,30,0.0,27.0
Breast,0.0,5337,0,4,-0.0,4.0
Breast,0.0,5354,0,65,0.0,71.0
Breast,0.0,5360,0,16,1.0,10.0
Breast,0.0,5361,0,42,9.0,37.0
Breast,0.0,5362,0,34,14.0,33.0
Breast,0.0,5371,0,30,0.0,32.0
Breast,0.0,5376,0,13,2.0,13.0
Breast,0.0,5377,0,38,7.0,31.0
Breast,0.0,5384,0,26,0.0,27.0
Breast,0.0,5385,0,21,-0.0,19.0
Breast,0.0,5388,0,46,-0.0,44.0
Breast,0.0,5390,0,38,0.0,38.0
Breast,0.0,5397,0,45,-0.0,47.0
Breast,0.0,5399,0,32,0.0,30.0
Breast,0.0,5402,0,44,7.0,42.0
Breast,0.0,5405,0,46,0.0,43.0
Breast,0.0,5409,0,8,1.0,7.0
Breast,1.0,5413,10,17,9.0,14.0
Breast,0.0,5419,0,43,1.0,42.0
Breast,0.0,5422,0,33,3.0,33.0
Breast,0.0,5426,0,11,4.0,11.0
Breast,1.0,5444,14,18,13.0,19.0
Breast,0.0,5446,0,38,3.0,35.0
Breast,1.0,5456,23,33,22.0,28.0
Breast,0.0,5461,0,31,1.0,28.0
Breast,0.0,5463,0,27,2.0,25.0
Breast,1.0,5466,6,24,1.0,29.0
Breast,1.0,5468,27,37,23.0,34.0
Breast,0.0,5484,0,3,-0.0,2.0
Breast,0.0,5487,0,18,-0.0,19.0
Breast,0.0,5493,0,16,2.0,13.0
Breast,1.0,5498,15,25,13.0,24.0
Breast,1.0,5502,20,31,15.0,27.0
Breast,1.0,5509,12,19,17.0,24.0
Breast,1.0,5511,17,27,13.0,25.0
Breast,0.0,5522,0,18,1.0,18.0
Breast,1.0,5526,4,7,4.0,5.0
Breast,1.0,5533,2,13,5.0,14.0
Breast,1.0,5534,18,20,17.0,20.0
Breast,1.0,5558,9,17,8.0,13.0
Breast,1.0,5562,12,39,6.0,34.0
Breast,1.0,5572,3,16,2.0,14.0
Breast,1.0,5577,11,14,10.0,12.0
Breast,1.0,5582,4,9,3.0,8.0
Breast,1.0,5584,12,15,14.0,17.0
Breast,1.0,5585,11,15,8.0,14.0
Breast,1.0,5589,5,10,4.0,9.0
Breast,1.0,5599,16,19,13.0,19.0
Breast,1.0,5601,13,26,12.0,20.0
Breast,1.0,5605,35,35,33.0,33.0
Breast,1.0,5609,1,8,3.0,9.0
Breast,0.0,5630,0,3,0.0,2.0
Breast,0.0,5641,0,11,0.0,11.0
Breast,1.0,5644,1,9,4.0,8.0
Breast,1.0,5650,7,22,5.0,18.0
Breast,1.0,5652,3,10,6.0,11.0
Breast,1.0,5659,23,28,29.0,30.0
Breast,1.0,5664,12,21,14.0,19.0
Breast,1.0,5665,21,27,18.0,21.0
Breast,1.0,5668,10,14,13.0,16.0
Breast,0.0,5671,0,44,-0.0,42.0
Breast,1.0,5677,18,23,21.0,22.0
Breast,1.0,5678,27,27,31.0,31.0
Breast,0.0,5688,0,21,1.0,25.0
Breast,1.0,5691,1,25,2.0,29.0
Breast,1.0,5696,1,27,1.0,33.0
Breast,1.0,5702,21,25,17.0,21.0
Breast,1.0,5704,10,23,13.0,23.0
Breast,0.0,5710,0,21,0.0,21.0
Breast,0.0,5711,0,27,0.0,22.0
Breast,1.0,5723,12,13,16.0,16.0
Breast,0.0,5729,0,1,0.0,0.0
Breast,1.0,5732,39,39,41.0,42.0
Breast,0.0,5738,0,3,2.0,4.0
Breast,1.0,5742,56,56,58.0,59.0
Breast,1.0,5747,26,26,28.0,30.0
Breast,1.0,5749,21,24,22.0,24.0
Breast,1.0,5750,27,31,40.0,41.0
Breast,0.0,5763,0,14,0.0,11.0
Breast,1.0,5766,2,13,2.0,10.0
Breast,0.0,5771,0,1,0.0,1.0
Breast,0.0,5772,0,1,0.0,0.0
Breast,0.0,5782,0,27,0.0,30.0
Breast,1.0,5785,2,13,2.0,14.0
Breast,0.0,5790,0,20,0.0,21.0
Breast,1.0,5792,12,13,12.0,13.0
Breast,0.0,5800,0,11,1.0,10.0
Breast,1.0,5801,13,17,10.0,15.0
Breast,1.0,5804,3,14,5.0,18.0
Breast,1.0,5807,1,25,1.0,24.0
Breast,0.0,5817,0,19,0.0,26.0
Breast,0.0,5818,0,13,0.0,13.0
Breast,1.0,5823,15,18,12.0,16.0
Breast,1.0,5825,16,18,16.0,19.0
Breast,1.0,5826,5,16,4.0,16.0
Breast,1.0,5830,5,28,0.0,28.0
Breast,1.0,5836,5,12,7.0,11.0
Breast,1.0,5838,4,8,4.0,6.0
Breast,1.0,5840,9,13,9.0,10.0
Breast,1.0,5844,13,13,10.0,11.0
Breast,1.0,5852,6,10,6.0,11.0
Breast,1.0,5856,10,15,9.0,11.0
Breast,1.0,5858,19,20,14.0,17.0
Breast,1.0,5862,20,21,21.0,21.0
Breast,1.0,5867,7,12,5.0,8.0
Breast,1.0,5871,9,13,9.0,13.0
Breast,1.0,5875,11,13,6.0,9.0
Breast,1.0,5883,7,12,9.0,11.0
Colon,1.0,5890,31,34,30.0,30.0
Colon,1.0,5893,14,26,14.0,23.0
Colon,1.0,5894,23,28,28.0,38.0
Colon,1.0,5895,51,53,56.0,61.0
Colon,1.0,5896,2,15,4.0,25.0
Colon,0.0,5898,0,9,0.0,17.0
Colon,0.0,5899,0,15,-0.0,12.0
Colon,0.0,5911,0,8,2.0,7.0
Colon,0.0,5914,0,0,0.0,-0.0
Colon,1.0,5920,19,20,22.0,23.0
Colon,0.0,5934,0,4,-0.0,6.0
Colon,1.0,5951,13,16,11.0,15.0
Colon,1.0,5953,18,19,13.0,17.0
Colon,0.0,5955,0,99,1.0,92.0
Colon,0.0,5956,0,96,0.0,104.0
Colon,0.0,5958,0,1,0.0,0.0
Colon,0.0,5959,0,0,0.0,0.0
Colon,0.0,5960,0,1,-0.0,-0.0
Colon,0.0,5964,0,27,3.0,35.0
Colon,1.0,5967,2,36,-0.0,33.0
Colon,1.0,5977,4,9,4.0,7.0
Colon,0.0,5983,0,81,0.0,88.0
Colon,0.0,5984,0,81,1.0,98.0
Colon,1.0,5990,74,79,57.0,66.0
Breast,1.0,6012,13,29,10.0,31.0
Breast,1.0,6013,24,25,25.0,25.0
Breast,1.0,6015,42,45,40.0,46.0
Breast,1.0,6016,24,27,17.0,27.0
Breast,1.0,6019,36,37,31.0,31.0
Colon,1.0,6020,24,25,28.0,28.0
Prostate,1.0,6029,17,18,17.0,16.0
Breast,1.0,6034,11,18,10.0,19.0
Breast,1.0,6037,1,43,21.0,43.0
Bladder,1.0,6041,20,20,15.0,14.0
Prostate,1.0,6046,25,32,21.0,24.0
Prostate,1.0,6054,14,22,20.0,25.0
Prostate,1.0,6055,22,30,24.0,27.0
Kidney,1.0,6065,111,111,100.0,97.0
Kidney,1.0,6068,10,164,23.0,134.0
Stomach,0.0,6070,0,99,3.0,102.0
Stomach,0.0,6073,0,110,2.0,101.0
Esophagus,1.0,6088,51,52,48.0,51.0
Esophagus,1.0,6090,42,43,46.0,47.0
Esophagus,0.0,6098,0,10,2.0,8.0
Esophagus,0.0,6101,0,7,0.0,4.0
Esophagus,0.0,6103,0,2,-0.0,3.0
Esophagus,0.0,6104,0,5,0.0,2.0
Lung,1.0,6109,44,93,46.0,81.0
Lung,1.0,6111,32,85,41.0,82.0
Lung,1.0,6113,25,77,32.0,81.0
Lung,1.0,6117,10,79,12.0,76.0
Lung,1.0,6128,3,10,3.0,5.0
Lung,1.0,6133,28,28,25.0,26.0
Uterus,1.0,6149,38,47,45.0,53.0
Uterus,1.0,6160,44,46,35.0,40.0
Uterus,1.0,6162,33,51,33.0,40.0
Uterus,1.0,6164,40,48,37.0,46.0
Uterus,1.0,6166,48,55,39.0,52.0
Uterus,1.0,6169,31,34,32.0,45.0
Uterus,1.0,6170,35,38,37.0,44.0
Uterus,1.0,6175,32,34,36.0,38.0
Uterus,1.0,6183,112,140,63.0,118.0
Uterus,0.0,6186,0,186,6.0,195.0
Thyroid,0.0,6192,0,23,7.0,25.0
Skin,0.0,6199,0,14,-0.0,15.0
Cervix,0.0,6208,0,45,3.0,39.0
Thyroid,0.0,6210,0,6,-0.0,11.0
Thyroid,0.0,6215,0,7,-0.0,6.0
Esophagus,0.0,6222,0,5,1.0,3.0
Esophagus,0.0,6224,0,10,-0.0,13.0
Esophagus,0.0,6228,0,12,0.0,13.0
Esophagus,1.0,6237,30,33,30.0,31.0
Esophagus,1.0,6239,30,32,22.0,30.0
Esophagus,1.0,6248,26,28,33.0,35.0
Esophagus,1.0,6252,30,48,28.0,45.0
Esophagus,1.0,6253,13,26,17.0,24.0
Esophagus,1.0,6254,19,27,22.0,27.0
Adrenal_gland,1.0,6283,22,23,24.0,24.0
Adrenal_gland,1.0,6285,8,9,9.0,10.0
Adrenal_gland,1.0,6293,16,17,13.0,14.0
Adrenal_gland,1.0,6296,8,10,9.0,9.0
Adrenal_gland,1.0,6298,9,13,12.0,13.0
Adrenal_gland,1.0,6299,10,14,12.0,13.0
Adrenal_gland,1.0,6303,11,11,11.0,12.0
Adrenal_gland,1.0,6305,17,17,13.0,13.0
Adrenal_gland,1.0,6309,19,19,18.0,17.0
Adrenal_gland,1.0,6318,7,10,9.0,9.0
Adrenal_gland,1.0,6320,17,17,22.0,19.0
Esophagus,1.0,6329,12,13,10.0,10.0
Esophagus,1.0,6340,11,12,10.0,10.0
Esophagus,0.0,6344,0,17,0.0,20.0
Esophagus,1.0,6353,26,26,20.0,24.0
Adrenal_gland,0.0,6367,0,14,-0.0,19.0
Adrenal_gland,0.0,6371,0,23,0.0,22.0
Adrenal_gland,0.0,6372,0,26,0.0,25.0
Adrenal_gland,0.0,6373,0,18,1.0,19.0
Adrenal_gland,0.0,6376,0,31,2.0,27.0
Adrenal_gland,0.0,6378,0,17,1.0,16.0
Adrenal_gland,1.0,6395,15,24,18.0,21.0
Adrenal_gland,1.0,6399,11,11,12.0,14.0
Adrenal_gland,1.0,6402,17,18,18.0,17.0
Cervix,1.0,6406,15,19,17.0,19.0
Cervix,1.0,6412,23,27,25.0,26.0
Cervix,1.0,6414,11,28,16.0,26.0
Cervix,1.0,6420,69,74,60.0,60.0
Cervix,1.0,6423,56,58,47.0,50.0
Bile-duct,1.0,6428,4,17,5.0,19.0
Bile-duct,1.0,6429,12,15,13.0,16.0
Bile-duct,1.0,6434,4,13,5.0,11.0
Bile-duct,1.0,6435,9,12,8.0,12.0
Bile-duct,1.0,6438,15,21,8.0,17.0
Bile-duct,1.0,6441,9,19,15.0,18.0
Bile-duct,1.0,6458,16,16,17.0,17.0
Bile-duct,1.0,6460,20,20,24.0,25.0
Testis,0.0,6475,0,19,0.0,18.0
Testis,0.0,6477,0,25,7.0,23.0
Testis,0.0,6483,0,36,1.0,35.0
Testis,0.0,6486,0,0,-0.0,-0.0
Testis,0.0,6489,0,33,0.0,28.0
Bile-duct,1.0,6497,3,16,0.0,14.0
Bile-duct,0.0,6500,0,6,4.0,7.0
Bile-duct,1.0,6502,9,23,8.0,15.0
Bile-duct,1.0,6503,47,47,44.0,48.0
Bile-duct,1.0,6507,38,46,42.0,49.0
Bile-duct,1.0,6509,10,23,13.0,22.0
Bile-duct,0.0,6513,0,25,4.0,25.0
Bile-duct,1.0,6522,36,36,29.0,33.0
Bile-duct,1.0,6524,7,26,12.0,24.0
Colon,0.0,6530,0,60,1.0,57.0
Colon,0.0,6531,0,94,0.0,98.0
Colon,1.0,6535,41,48,25.0,45.0
Colon,0.0,6542,0,36,0.0,44.0
Colon,1.0,6547,51,83,30.0,73.0
Colon,0.0,6553,0,20,-0.0,23.0
Colon,1.0,6557,32,39,22.0,28.0
Colon,0.0,6566,0,31,-0.0,31.0
Colon,0.0,6575,0,46,1.0,34.0
Adrenal_gland,0.0,6582,0,6,1.0,3.0
Adrenal_gland,1.0,6595,18,19,18.0,19.0
Adrenal_gland,0.0,6608,0,7,-0.0,3.0
Adrenal_gland,0.0,6609,0,2,0.0,1.0
Adrenal_gland,1.0,6623,5,8,6.0,7.0
Adrenal_gland,1.0,6629,24,29,17.0,22.0
Adrenal_gland,1.0,6631,9,15,8.0,15.0
Adrenal_gland,0.0,6636,0,4,0.0,3.0
Adrenal_gland,0.0,6639,0,1,2.0,3.0
Adrenal_gland,1.0,6643,1,13,0.0,7.0
Adrenal_gland,1.0,6645,1,1,0.0,0.0
Adrenal_gland,1.0,6646,12,18,15.0,22.0
Bile-duct,0.0,6651,0,2,10.0,11.0
Bile-duct,0.0,6655,0,6,2.0,6.0
Bile-duct,0.0,6656,0,10,3.0,9.0
Bile-duct,1.0,6657,1,10,6.0,20.0
Bile-duct,1.0,6660,2,18,3.0,19.0
Bile-duct,0.0,6671,0,15,1.0,12.0
Bile-duct,0.0,6675,0,4,-0.0,5.0
Bile-duct,1.0,6684,32,36,32.0,34.0
Bile-duct,1.0,6695,17,32,16.0,30.0
Bile-duct,1.0,6696,23,28,29.0,33.0
Bile-duct,0.0,6697,0,0,-0.0,1.0
Bile-duct,1.0,6715,1,19,1.0,17.0
Bile-duct,1.0,6722,1,34,-0.0,34.0
Bile-duct,1.0,6725,3,41,8.0,47.0
Bile-duct,0.0,6729,0,23,6.0,21.0
Bile-duct,0.0,6731,0,13,1.0,14.0
Bladder,1.0,6732,13,19,11.0,20.0
Bladder,1.0,6736,17,24,16.0,22.0
Bladder,0.0,6743,0,10,0.0,8.0
Bladder,0.0,6746,0,0,1.0,3.0
Bladder,0.0,6747,0,0,0.0,0.0
Bladder,0.0,6750,0,0,0.0,0.0
Bladder,0.0,6751,0,0,1.0,0.0
Bladder,1.0,6760,28,29,29.0,30.0
Bladder,1.0,6765,26,29,27.0,32.0
Bladder,0.0,6774,0,18,0.0,13.0
Bladder,0.0,6776,0,15,0.0,14.0
Bladder,0.0,6780,0,13,1.0,13.0
Bladder,0.0,6784,0,9,0.0,13.0
Bladder,0.0,6789,0,12,1.0,10.0
Breast,0.0,6790,0,0,0.0,0.0
Breast,0.0,6791,0,1,-0.0,0.0
Breast,0.0,6792,0,15,0.0,14.0
Breast,0.0,6794,0,5,0.0,5.0
Breast,1.0,6801,45,45,44.0,44.0
Breast,1.0,6813,25,26,29.0,32.0
Breast,0.0,6815,0,0,-0.0,0.0
Breast,1.0,6816,21,21,14.0,14.0
Breast,0.0,6823,0,10,-0.0,11.0
Breast,0.0,6824,0,0,0.0,0.0
Breast,0.0,6827,0,0,1.0,1.0
Breast,1.0,6842,25,29,22.0,32.0
Cervix,0.0,6844,0,0,-0.0,-0.0
Cervix,1.0,6853,38,53,36.0,49.0
Cervix,1.0,6855,19,36,25.0,37.0
Cervix,1.0,6857,36,37,35.0,35.0
Cervix,1.0,6863,28,36,29.0,33.0
Cervix,1.0,6867,32,35,35.0,38.0
Cervix,1.0,6874,3,78,10.0,75.0
Cervix,1.0,6879,38,38,40.0,38.0
Colon,0.0,6883,0,16,-0.0,12.0
Colon,0.0,6896,0,10,0.0,8.0
Colon,0.0,6897,0,17,0.0,20.0
Colon,0.0,6900,0,21,-0.0,24.0
Colon,0.0,6903,0,22,0.0,22.0
Colon,1.0,6904,1,22,-0.0,22.0
Colon,1.0,6909,12,28,1.0,26.0
Colon,1.0,6910,35,35,0.0,33.0
Colon,0.0,6917,0,25,-0.0,24.0
Colon,0.0,6921,0,21,0.0,19.0
Colon,0.0,6926,0,5,0.0,4.0
Colon,0.0,6927,0,14,0.0,12.0
Colon,0.0,6928,0,8,2.0,9.0
Colon,0.0,6932,0,2,0.0,2.0
Colon,0.0,6936,0,0,-0.0,0.0
Colon,0.0,6945,0,15,0.0,14.0
Colon,0.0,6951,0,21,0.0,22.0
Colon,0.0,6954,0,9,2.0,6.0
Colon,0.0,6957,0,4,0.0,4.0
Colon,0.0,6958,0,0,0.0,2.0
Colon,0.0,6968,0,22,0.0,18.0
Colon,0.0,6974,0,27,0.0,23.0
Colon,0.0,6980,0,16,2.0,17.0
Colon,0.0,6981,0,27,-0.0,23.0
Colon,0.0,6989,0,17,1.0,18.0
Colon,0.0,6994,0,22,-0.0,22.0
Colon,0.0,6998,0,24,-0.0,26.0
Colon,0.0,7002,0,2,1.0,2.0
Colon,0.0,7010,0,10,0.0,11.0
Colon,0.0,7012,0,0,-0.0,0.0
Colon,0.0,7015,0,0,-0.0,-0.0
Colon,0.0,7018,0,0,0.0,-0.0
Colon,0.0,7020,0,0,-0.0,0.0
Colon,0.0,7022,0,0,-0.0,0.0
Colon,0.0,7028,0,0,-0.0,-0.0
Colon,0.0,7030,0,0,-0.0,0.0
Colon,0.0,7031,0,0,-0.0,-0.0
Colon,0.0,7032,0,0,-0.0,0.0
Colon,0.0,7038,0,0,-0.0,0.0
Colon,0.0,7040,0,0,0.0,-0.0
Colon,0.0,7041,0,0,-0.0,0.0
Colon,0.0,7045,0,18,-0.0,22.0
Colon,0.0,7049,0,10,0.0,11.0
Colon,0.0,7050,0,21,-0.0,22.0
Colon,0.0,7052,0,34,-0.0,29.0
Colon,0.0,7063,0,13,0.0,12.0
Colon,0.0,7064,0,4,0.0,6.0
Colon,0.0,7068,0,7,1.0,5.0
Colon,0.0,7071,0,11,0.0,10.0
Colon,0.0,7074,0,18,0.0,20.0
Colon,0.0,7077,0,17,-0.0,16.0
Colon,0.0,7084,0,10,1.0,8.0
Colon,0.0,7085,0,6,0.0,3.0
Colon,0.0,7093,0,25,-0.0,20.0
Colon,0.0,7094,0,13,0.0,12.0
Colon,0.0,7097,0,9,1.0,9.0
Colon,0.0,7099,0,20,-0.0,18.0
Colon,0.0,7104,0,15,1.0,13.0
Colon,0.0,7106,0,23,-0.0,25.0
Colon,0.0,7107,0,16,-0.0,15.0
Colon,0.0,7111,0,21,-0.0,21.0
Colon,1.0,7125,18,18,19.0,23.0
Esophagus,1.0,7127,14,25,6.0,18.0
Esophagus,1.0,7129,3,13,9.0,18.0
Esophagus,1.0,7130,31,33,29.0,30.0
Esophagus,1.0,7149,17,24,12.0,22.0
Esophagus,1.0,7151,20,24,19.0,23.0
Esophagus,0.0,7156,0,18,-0.0,19.0
Esophagus,0.0,7159,0,25,3.0,22.0
Esophagus,0.0,7163,0,6,-0.0,6.0
Esophagus,0.0,7165,0,25,0.0,28.0
HeadNeck,0.0,7168,0,0,-0.0,0.0
HeadNeck,0.0,7170,0,0,0.0,1.0
HeadNeck,1.0,7178,16,18,21.0,23.0
HeadNeck,1.0,7179,20,22,18.0,19.0
HeadNeck,1.0,7184,22,25,22.0,25.0
HeadNeck,0.0,7186,0,23,0.0,23.0
HeadNeck,0.0,7190,0,1,-0.0,1.0
HeadNeck,1.0,7191,3,53,1.0,63.0
HeadNeck,1.0,7196,16,18,14.0,14.0
HeadNeck,1.0,7197,13,13,10.0,10.0
HeadNeck,1.0,7200,9,9,4.0,6.0
HeadNeck,1.0,7203,8,15,8.0,15.0
HeadNeck,1.0,7220,21,29,19.0,29.0
HeadNeck,1.0,7222,18,26,19.0,23.0
HeadNeck,1.0,7230,20,27,15.0,34.0
HeadNeck,0.0,7233,0,9,-0.0,8.0
HeadNeck,0.0,7235,0,7,2.0,6.0
HeadNeck,0.0,7236,0,10,3.0,13.0
HeadNeck,0.0,7240,0,1,-0.0,4.0
HeadNeck,0.0,7242,0,0,0.0,-0.0
HeadNeck,0.0,7246,0,0,0.0,0.0
HeadNeck,0.0,7255,0,12,1.0,13.0
HeadNeck,0.0,7257,0,16,-0.0,15.0
HeadNeck,0.0,7270,0,11,-0.0,10.0
HeadNeck,0.0,7271,0,12,0.0,11.0
HeadNeck,1.0,7275,38,38,40.0,40.0
HeadNeck,1.0,7276,38,38,48.0,48.0
HeadNeck,1.0,7277,50,50,48.0,47.0
HeadNeck,0.0,7286,0,5,0.0,7.0
HeadNeck,1.0,7295,51,63,56.0,63.0
HeadNeck,0.0,7301,0,7,1.0,5.0
HeadNeck,1.0,7304,11,32,8.0,27.0
HeadNeck,1.0,7308,38,39,30.0,31.0
HeadNeck,1.0,7310,28,29,32.0,32.0
Kidney,0.0,7311,0,2,0.0,1.0
Kidney,1.0,7314,15,16,16.0,17.0
Kidney,1.0,7315,14,14,13.0,15.0
Kidney,0.0,7321,0,0,-0.0,0.0
Kidney,0.0,7324,0,14,-0.0,11.0
Kidney,1.0,7329,12,24,8.0,33.0
Kidney,1.0,7331,12,47,3.0,49.0
Kidney,1.0,7334,12,29,16.0,28.0
Kidney,0.0,7341,0,12,3.0,13.0
Liver,0.0,7360,0,39,1.0,40.0
Liver,1.0,7362,1,30,0.0,31.0
Liver,1.0,7368,12,57,3.0,43.0
Liver,0.0,7371,0,11,1.0,12.0
Liver,1.0,7380,18,28,13.0,25.0
Liver,1.0,7385,23,25,26.0,28.0
Liver,1.0,7390,28,30,22.0,23.0
Liver,0.0,7398,0,11,1.0,6.0
Liver,0.0,7399,0,20,0.0,15.0
Liver,0.0,7402,0,17,0.0,12.0
Liver,1.0,7407,15,16,13.0,16.0
Liver,0.0,7413,0,14,2.0,11.0
Liver,0.0,7416,0,17,3.0,17.0
Liver,1.0,7421,9,13,8.0,12.0
Liver,0.0,7424,0,17,-0.0,14.0
Liver,0.0,7427,0,18,0.0,15.0
Liver,1.0,7431,19,19,18.0,19.0
Liver,1.0,7434,14,18,18.0,19.0
Lung,1.0,7437,12,13,21.0,19.0
Lung,1.0,7439,4,8,3.0,5.0
Lung,1.0,7440,16,16,20.0,20.0
Lung,1.0,7443,5,9,2.0,4.0
Ovarian,0.0,7445,0,21,-0.0,23.0
Ovarian,0.0,7448,0,14,-0.0,18.0
Ovarian,0.0,7449,0,4,2.0,6.0
Ovarian,0.0,7452,0,37,1.0,38.0
Ovarian,0.0,7453,0,33,0.0,29.0
Ovarian,1.0,7462,28,28,27.0,28.0
Ovarian,1.0,7467,25,26,32.0,32.0
Ovarian,1.0,7476,29,39,21.0,28.0
Ovarian,1.0,7478,27,32,21.0,26.0
Ovarian,1.0,7482,22,22,22.0,21.0
Ovarian,1.0,7486,22,23,19.0,22.0
Ovarian,1.0,7491,24,24,28.0,29.0
Pancreatic,1.0,7495,2,21,2.0,18.0
Pancreatic,1.0,7496,23,36,18.0,34.0
Pancreatic,0.0,7500,0,30,1.0,33.0
Pancreatic,0.0,7504,0,47,27.0,47.0
Pancreatic,0.0,7505,0,9,-0.0,9.0
Pancreatic,0.0,7508,0,13,2.0,9.0
Pancreatic,1.0,7511,26,26,22.0,26.0
Prostate,0.0,7514,0,25,0.0,25.0
Prostate,1.0,7522,14,15,11.0,15.0
Prostate,1.0,7524,9,10,11.0,12.0
Prostate,0.0,7540,0,2,0.0,-0.0
Prostate,1.0,7545,21,25,13.0,21.0
Prostate,1.0,7549,7,20,5.0,21.0
Prostate,0.0,7552,0,0,0.0,0.0
Prostate,0.0,7554,0,0,1.0,1.0
Skin,1.0,7555,35,99,26.0,77.0
Skin,1.0,7559,39,84,36.0,76.0
Skin,0.0,7561,0,4,0.0,7.0
Skin,0.0,7564,0,7,-0.0,2.0
Skin,1.0,7575,21,21,20.0,19.0
Skin,1.0,7580,8,8,9.0,9.0
Skin,1.0,7583,17,17,21.0,21.0
Skin,1.0,7584,23,31,9.0,27.0
Skin,1.0,7587,29,35,16.0,33.0
Skin,0.0,7590,0,13,3.0,6.0
Stomach,0.0,7591,0,19,0.0,14.0
Stomach,0.0,7594,0,15,1.0,13.0
Stomach,0.0,7595,0,21,-0.0,19.0
Stomach,1.0,7604,14,37,28.0,46.0
Stomach,1.0,7609,25,37,30.0,39.0
Stomach,1.0,7618,4,9,4.0,10.0
Stomach,1.0,7620,34,34,29.0,34.0
Stomach,1.0,7624,19,21,20.0,25.0
Stomach,0.0,7628,0,16,-0.0,17.0
Stomach,1.0,7633,12,56,10.0,49.0
Testis,1.0,7645,23,23,20.0,18.0
Testis,1.0,7650,24,30,24.0,28.0
Testis,1.0,7654,12,69,23.0,65.0
Testis,1.0,7655,19,56,21.0,57.0
Testis,1.0,7658,19,20,17.0,20.0
Testis,1.0,7660,23,23,21.0,26.0
Testis,1.0,7661,21,22,24.0,25.0
Thyroid,0.0,7663,0,14,0.0,13.0
Thyroid,0.0,7664,0,15,-0.0,14.0
Thyroid,0.0,7667,0,20,0.0,21.0
Thyroid,0.0,7673,0,17,-0.0,13.0
Thyroid,0.0,7678,0,28,-0.0,28.0
Thyroid,0.0,7682,0,30,4.0,27.0
Thyroid,0.0,7686,0,19,1.0,23.0
Thyroid,0.0,7687,0,40,0.0,40.0
Thyroid,1.0,7690,43,45,25.0,33.0
Thyroid,1.0,7694,22,36,24.0,34.0
Thyroid,0.0,7698,0,35,-0.0,35.0
Thyroid,0.0,7701,0,45,-0.0,41.0
Uterus,0.0,7714,0,1,0.0,1.0
Uterus,1.0,7715,28,28,28.0,27.0
Uterus,1.0,7719,41,45,37.0,40.0
Uterus,1.0,7726,26,26,30.0,30.0
Uterus,1.0,7729,25,32,20.0,37.0
Uterus,1.0,7730,20,23,30.0,32.0
Uterus,1.0,7733,2,19,10.0,19.0
Uterus,1.0,7734,16,18,15.0,19.0
Uterus,0.0,7743,0,21,1.0,20.0
Uterus,0.0,7748,0,34,4.0,36.0
Uterus,0.0,7756,0,40,0.0,41.0
Uterus,0.0,7757,0,37,3.0,32.0
Uterus,0.0,7776,0,17,1.0,18.0
Uterus,0.0,7778,0,21,0.0,19.0
Uterus,0.0,7781,0,22,2.0,18.0
Uterus,0.0,7784,0,19,1.0,12.0
Uterus,1.0,7787,86,102,77.0,109.0
Uterus,1.0,7797,84,89,88.0,94.0
Uterus,1.0,7802,24,24,20.0,24.0
Uterus,1.0,7806,45,47,38.0,37.0
Uterus,1.0,7809,66,68,53.0,52.0
Uterus,1.0,7811,18,18,18.0,19.0
Uterus,1.0,7812,24,24,27.0,27.0
Colon,0.0,7815,0,18,6.0,10.0
Colon,0.0,7816,0,5,-0.0,5.0
Colon,0.0,7817,0,12,-0.0,14.0
Colon,0.0,7820,0,3,1.0,2.0
Colon,1.0,7824,62,65,53.0,56.0
Colon,0.0,7829,0,19,1.0,19.0
Colon,0.0,7830,0,18,-0.0,12.0
Colon,0.0,7836,0,22,2.0,8.0
Colon,0.0,7843,0,163,-0.0,147.0
Colon,1.0,7857,80,81,58.0,64.0
Colon,0.0,7858,0,34,-0.0,43.0
Colon,1.0,7861,15,20,8.0,19.0
Colon,0.0,7864,0,2,-0.0,2.0
Colon,0.0,7865,0,2,2.0,2.0
Colon,0.0,7876,0,18,0.0,4.0
Colon,1.0,7879,28,46,18.0,47.0
Colon,0.0,7887,0,1,0.0,3.0
Colon,0.0,7898,0,46,0.0,38.0
